# Host: localhost  (Version: 5.5.5-10.4.13-MariaDB)
# Date: 2021-09-14 11:08:31
# Generator: MySQL-Front 5.3  (Build 4.249)

/*!40101 SET NAMES utf8 */;

#
# Structure for table "categoria_ticket"
#

DROP TABLE IF EXISTS `categoria_ticket`;
CREATE TABLE `categoria_ticket` (
  `cgt_id` int(11) NOT NULL AUTO_INCREMENT,
  `cgt_descricao` varchar(50) COLLATE utf8mb4_unicode_ci NOT NULL DEFAULT '',
  `cgt_incdate` datetime DEFAULT NULL,
  `cgt_upddate` datetime DEFAULT NULL,
  `cgt_delete` char(1) COLLATE utf8mb4_unicode_ci DEFAULT NULL,
  `cgt_deldate` datetime DEFAULT NULL,
  `cgt_deluser` varchar(40) COLLATE utf8mb4_unicode_ci DEFAULT NULL,
  PRIMARY KEY (`cgt_id`)
) ENGINE=InnoDB AUTO_INCREMENT=21 DEFAULT CHARSET=utf8mb4 COLLATE=utf8mb4_unicode_ci ROW_FORMAT=DYNAMIC;

#
# Data for table "categoria_ticket"
#

INSERT INTO `categoria_ticket` VALUES (11,'Ajuste de View/Layout','2020-11-05 10:39:32','2020-11-05 14:02:05','',NULL,NULL),(12,'Ajuste Rotina existente','2020-11-05 13:56:24','2020-11-05 14:03:51','',NULL,NULL),(13,'Análise/Levant. de Requisitos','2020-11-05 14:04:08','2020-11-05 14:04:08','',NULL,NULL),(14,'Melhoria de Desempenho','2020-11-05 14:04:23','2020-11-05 14:04:23','',NULL,NULL),(15,'Ajuste por erro operacional','2020-11-05 14:04:46','2020-11-05 14:04:46','',NULL,NULL),(16,'Nova Rotina','2020-11-05 14:04:53','2020-11-05 14:04:53','',NULL,NULL),(17,'Novo Recurso','2020-11-05 14:04:57','2020-11-05 14:04:57','',NULL,NULL),(18,'Suporte Técnico Interno','2020-11-05 14:05:09','2020-11-05 14:05:09','',NULL,NULL),(19,'Suporte Técnico Externo','2020-11-05 14:05:13','2020-11-05 14:05:13','',NULL,NULL),(20,'Treinamento','2020-11-05 14:05:20','2020-11-05 14:05:20','',NULL,NULL);

#
# Structure for table "grupo_trabalho"
#

DROP TABLE IF EXISTS `grupo_trabalho`;
CREATE TABLE `grupo_trabalho` (
  `grt_id` int(11) NOT NULL AUTO_INCREMENT,
  `grt_descricao` varchar(50) COLLATE utf8mb4_unicode_ci NOT NULL DEFAULT '',
  `grt_incdate` datetime DEFAULT NULL,
  `grt_upddate` datetime DEFAULT NULL,
  `grt_delete` char(1) COLLATE utf8mb4_unicode_ci DEFAULT NULL,
  `grt_deldate` datetime DEFAULT NULL,
  `grt_deluser` varchar(40) COLLATE utf8mb4_unicode_ci DEFAULT NULL,
  PRIMARY KEY (`grt_id`)
) ENGINE=InnoDB AUTO_INCREMENT=7 DEFAULT CHARSET=utf8mb4 COLLATE=utf8mb4_unicode_ci ROW_FORMAT=DYNAMIC;

#
# Data for table "grupo_trabalho"
#

INSERT INTO `grupo_trabalho` VALUES (1,'EQUIPE 1','2020-11-05 10:48:54','2020-11-05 14:13:33','',NULL,NULL),(2,'EQUIPE 2','2020-11-05 14:11:38','2020-11-05 14:11:38','',NULL,NULL),(3,'EQUIPE 3','2020-11-05 14:11:48','2020-11-05 14:11:48','',NULL,NULL);

#
# Structure for table "indicadores"
#

DROP TABLE IF EXISTS `indicadores`;
CREATE TABLE `indicadores` (
  `ind_chave` varchar(15) COLLATE utf8mb4_unicode_ci NOT NULL DEFAULT '',
  `ind_param` char(1) COLLATE utf8mb4_unicode_ci NOT NULL DEFAULT '' COMMENT 'H->Hora;D->Dia;S->Semana;M->Mês',
  `ind_valor` decimal(10,2) DEFAULT 0.00,
  `ind_descricao` varchar(200) COLLATE utf8mb4_unicode_ci DEFAULT NULL,
  PRIMARY KEY (`ind_chave`,`ind_param`)
) ENGINE=InnoDB DEFAULT CHARSET=utf8mb4 COLLATE=utf8mb4_unicode_ci;

#
# Data for table "indicadores"
#


#
# Structure for table "log_edicao"
#

DROP TABLE IF EXISTS `log_edicao`;
CREATE TABLE `log_edicao` (
  `led_id` int(10) unsigned NOT NULL AUTO_INCREMENT,
  `led_user_id` int(10) unsigned DEFAULT 0,
  `led_rot_nome` varchar(20) COLLATE utf8mb4_unicode_ci DEFAULT '0',
  `led_key` varchar(20) COLLATE utf8mb4_unicode_ci DEFAULT NULL,
  `led_action` varchar(20) CHARACTER SET utf8mb4 NOT NULL DEFAULT '0',
  `led_table` varchar(40) COLLATE utf8mb4_unicode_ci DEFAULT NULL,
  `led_date` datetime DEFAULT NULL,
  PRIMARY KEY (`led_id`),
  KEY `log_usuario_index` (`led_user_id`),
  KEY `log_rotina_index` (`led_rot_nome`),
  KEY `led_key` (`led_key`),
  KEY `led_table_id` (`led_table`),
  KEY `led_date` (`led_date`)
) ENGINE=InnoDB AUTO_INCREMENT=621544 DEFAULT CHARSET=utf8mb4 COLLATE=utf8mb4_unicode_ci ROW_FORMAT=DYNAMIC;

#
# Data for table "log_edicao"
#

INSERT INTO `log_edicao` VALUES (621523,1,'accessprofile','2','new','perfil_acesso','2021-09-08 11:10:37'),(621524,1,'accessprofile','2','edit','perfil_acesso','2021-09-08 11:11:29'),(621525,1,'ticket','436','new','ticket','2021-09-08 11:14:38'),(621526,1,'ticket_arquivos','31','new','ticket_arquivos','2021-09-08 11:21:16'),(621527,1,'ticket','436','edit','ticket','2021-09-13 10:46:46'),(621528,1,'ticket','436','kanban_situacao','ticket','2021-09-13 10:47:04'),(621529,1,'ticket','436','kanban_situacao','ticket','2021-09-13 10:47:11'),(621530,1,'ticket','436','kanban_situacao','ticket','2021-09-13 10:47:31'),(621531,1,'ticket','436','kanban_situacao','ticket','2021-09-13 10:47:44'),(621532,1,'ticket','436','kanban_situacao','ticket','2021-09-13 10:48:10'),(621533,1,'ticket','436','kanban_situacao','ticket','2021-09-13 10:51:40'),(621534,1,'ticket','436','kanban_situacao','ticket','2021-09-13 10:52:43'),(621535,1,'ticket','436','kanban_situacao','ticket','2021-09-13 10:52:59'),(621536,1,'ticket','436','kanban_situacao','ticket','2021-09-13 10:55:39'),(621537,1,'ticket','436','kanban_situacao','ticket','2021-09-13 10:55:44'),(621538,1,'ticket','436','kanban_situacao','ticket','2021-09-13 10:55:46'),(621539,1,'ticket','436','kanban_situacao','ticket','2021-09-13 10:55:51'),(621540,1,'ticket','436','kanban_situacao','ticket','2021-09-13 10:55:55'),(621541,1,'ticket','436','kanban_situacao','ticket','2021-09-13 10:56:13'),(621542,1,'ticket_comentarios','212','new','ticket_comentarios','2021-09-13 10:56:25'),(621543,1,'ticket_arquivos','32','new','ticket_arquivos','2021-09-13 10:56:42');

#
# Structure for table "notificacao"
#

DROP TABLE IF EXISTS `notificacao`;
CREATE TABLE `notificacao` (
  `ntf_id` int(11) NOT NULL AUTO_INCREMENT,
  `ntf_origem` varchar(3) COLLATE utf8mb4_unicode_ci DEFAULT 'CAD',
  `ntf_dest_user_id` int(11) unsigned NOT NULL DEFAULT 0,
  `ntf_data_hora` datetime DEFAULT NULL,
  `ntf_tipo_alerta` varchar(20) COLLATE utf8mb4_unicode_ci DEFAULT NULL,
  `ntf_notificacao` blob DEFAULT NULL,
  `ntf_url` varchar(120) COLLATE utf8mb4_unicode_ci DEFAULT NULL,
  `ntf_lida` char(1) COLLATE utf8mb4_unicode_ci DEFAULT NULL COMMENT 'N-> Não lida; S->Lida;',
  `ntf_incdate` datetime DEFAULT NULL,
  `ntf_upddate` datetime DEFAULT NULL,
  `ntf_delete` char(1) COLLATE utf8mb4_unicode_ci DEFAULT NULL,
  `ntf_deldate` datetime DEFAULT NULL,
  `ntf_deluser` varchar(40) COLLATE utf8mb4_unicode_ci DEFAULT NULL,
  PRIMARY KEY (`ntf_id`),
  KEY `ntf_dest_user_id` (`ntf_dest_user_id`),
  KEY `ntf_data_hora` (`ntf_data_hora`),
  KEY `ntf_tipo_alerta` (`ntf_tipo_alerta`),
  KEY `ntf_lida` (`ntf_lida`),
  KEY `ntf_origem` (`ntf_origem`)
) ENGINE=InnoDB AUTO_INCREMENT=105 DEFAULT CHARSET=utf8mb4 COLLATE=utf8mb4_unicode_ci;

#
# Data for table "notificacao"
#

INSERT INTO `notificacao` VALUES (72,'CAD',1,'2021-09-13 10:51:40','primary',X'5469636B65742023343336202D204E6F766120536974756163616F','detalheticket/436','N','2021-09-13 10:51:40','2021-09-13 10:51:40','',NULL,NULL),(73,'CAD',4,'2021-09-13 10:51:40','info',X'5469636B65742023343336202D204E6F766120536974756163616F','detalheticket/436','N','2021-09-13 10:51:40','2021-09-13 10:51:40','',NULL,NULL),(74,'CAD',2,'2021-09-13 10:51:40','info',X'5469636B65742023343336202D204E6F766120536974756163616F','detalheticket/436','N','2021-09-13 10:51:40','2021-09-13 10:51:40','',NULL,NULL),(75,'CAD',1,'2021-09-13 10:52:43','success',X'5469636B65742023343336202D204E6F766120536974756163616F','detalheticket/436','N','2021-09-13 10:52:43','2021-09-13 10:52:43','',NULL,NULL),(76,'CAD',4,'2021-09-13 10:52:43','info',X'5469636B65742023343336202D204E6F766120536974756163616F','detalheticket/436','N','2021-09-13 10:52:43','2021-09-13 10:52:43','',NULL,NULL),(77,'CAD',2,'2021-09-13 10:52:43','info',X'5469636B65742023343336202D204E6F766120536974756163616F','detalheticket/436','N','2021-09-13 10:52:43','2021-09-13 10:52:43','',NULL,NULL),(78,'CAD',1,'2021-09-13 10:52:59','warning',X'5469636B65742023343336202D204E6F766120536974756163616F','detalheticket/436','S','2021-09-13 10:52:59','2021-09-13 10:53:56','',NULL,NULL),(79,'CAD',4,'2021-09-13 10:52:59','info',X'5469636B65742023343336202D204E6F766120536974756163616F','detalheticket/436','N','2021-09-13 10:52:59','2021-09-13 10:52:59','',NULL,NULL),(80,'CAD',2,'2021-09-13 10:52:59','info',X'5469636B65742023343336202D204E6F766120536974756163616F','detalheticket/436','N','2021-09-13 10:52:59','2021-09-13 10:52:59','',NULL,NULL),(81,'CAD',1,'2021-09-13 10:55:39','warning',X'5469636B65742023343336202D204E6F766120536974756163616F','detalheticket/436','N','2021-09-13 10:55:39','2021-09-13 10:55:39','',NULL,NULL),(82,'CAD',4,'2021-09-13 10:55:39','warning',X'5469636B65742023343336202D204E6F766120536974756163616F','detalheticket/436','N','2021-09-13 10:55:39','2021-09-13 10:55:39','',NULL,NULL),(83,'CAD',2,'2021-09-13 10:55:39','warning',X'5469636B65742023343336202D204E6F766120536974756163616F','detalheticket/436','N','2021-09-13 10:55:39','2021-09-13 10:55:39','',NULL,NULL),(84,'CAD',1,'2021-09-13 10:55:44','warning',X'5469636B65742023343336202D204E6F766120536974756163616F','detalheticket/436','N','2021-09-13 10:55:44','2021-09-13 10:55:44','',NULL,NULL),(85,'CAD',4,'2021-09-13 10:55:44','warning',X'5469636B65742023343336202D204E6F766120536974756163616F','detalheticket/436','N','2021-09-13 10:55:44','2021-09-13 10:55:44','',NULL,NULL),(86,'CAD',2,'2021-09-13 10:55:44','warning',X'5469636B65742023343336202D204E6F766120536974756163616F','detalheticket/436','N','2021-09-13 10:55:44','2021-09-13 10:55:44','',NULL,NULL),(87,'CAD',1,'2021-09-13 10:55:46','warning',X'5469636B65742023343336202D204E6F766120536974756163616F','detalheticket/436','N','2021-09-13 10:55:46','2021-09-13 10:55:46','',NULL,NULL),(88,'CAD',4,'2021-09-13 10:55:46','warning',X'5469636B65742023343336202D204E6F766120536974756163616F','detalheticket/436','N','2021-09-13 10:55:46','2021-09-13 10:55:46','',NULL,NULL),(89,'CAD',2,'2021-09-13 10:55:46','warning',X'5469636B65742023343336202D204E6F766120536974756163616F','detalheticket/436','N','2021-09-13 10:55:46','2021-09-13 10:55:46','',NULL,NULL),(90,'CAD',1,'2021-09-13 10:55:51','success',X'5469636B65742023343336202D20536F6C7563616F204170726F76616461','detalheticket/436','N','2021-09-13 10:55:51','2021-09-13 10:55:51','',NULL,NULL),(91,'CAD',4,'2021-09-13 10:55:51','success',X'5469636B65742023343336202D20536F6C7563616F204170726F76616461','detalheticket/436','N','2021-09-13 10:55:51','2021-09-13 10:55:51','',NULL,NULL),(92,'CAD',2,'2021-09-13 10:55:51','success',X'5469636B65742023343336202D20536F6C7563616F204170726F76616461','detalheticket/436','N','2021-09-13 10:55:51','2021-09-13 10:55:51','',NULL,NULL),(93,'CAD',1,'2021-09-13 10:55:55','success',X'5469636B65742023343336202D20456E6365727261646F','detalheticket/436','N','2021-09-13 10:55:55','2021-09-13 10:55:55','',NULL,NULL),(94,'CAD',4,'2021-09-13 10:55:55','success',X'5469636B65742023343336202D20456E6365727261646F','detalheticket/436','N','2021-09-13 10:55:55','2021-09-13 10:55:55','',NULL,NULL),(95,'CAD',2,'2021-09-13 10:55:55','success',X'5469636B65742023343336202D20456E6365727261646F','detalheticket/436','N','2021-09-13 10:55:55','2021-09-13 10:55:55','',NULL,NULL),(96,'CAD',1,'2021-09-13 10:56:13','danger',X'5469636B65742023343336202D20526561626572746F','detalheticket/436','N','2021-09-13 10:56:13','2021-09-13 10:56:13','',NULL,NULL),(97,'CAD',4,'2021-09-13 10:56:13','danger',X'5469636B65742023343336202D20526561626572746F','detalheticket/436','N','2021-09-13 10:56:13','2021-09-13 10:56:13','',NULL,NULL),(98,'CAD',2,'2021-09-13 10:56:13','danger',X'5469636B65742023343336202D20526561626572746F','detalheticket/436','N','2021-09-13 10:56:13','2021-09-13 10:56:13','',NULL,NULL),(99,'CAD',1,'2021-09-13 10:56:25','primary',X'5469636B65742023343336202D204E6F766F20636F6D656E746172696F','detalheticket/436','N','2021-09-13 10:56:25','2021-09-13 10:56:25','',NULL,NULL),(100,'CAD',4,'2021-09-13 10:56:25','primary',X'5469636B65742023343336202D204E6F766F20636F6D656E746172696F','detalheticket/436','N','2021-09-13 10:56:25','2021-09-13 10:56:25','',NULL,NULL),(101,'CAD',2,'2021-09-13 10:56:25','primary',X'5469636B65742023343336202D204E6F766F20636F6D656E746172696F','detalheticket/436','N','2021-09-13 10:56:25','2021-09-13 10:56:25','',NULL,NULL),(102,'CAD',1,'2021-09-13 10:56:42','primary',X'5469636B65742023343336202D204E6F766F206172717569766F20616E657861646F','detalheticket/436','N','2021-09-13 10:56:42','2021-09-13 10:56:42','',NULL,NULL),(103,'CAD',4,'2021-09-13 10:56:42','primary',X'5469636B65742023343336202D204E6F766F206172717569766F20616E657861646F','detalheticket/436','N','2021-09-13 10:56:42','2021-09-13 10:56:42','',NULL,NULL),(104,'CAD',2,'2021-09-13 10:56:42','primary',X'5469636B65742023343336202D204E6F766F206172717569766F20616E657861646F','detalheticket/436','N','2021-09-13 10:56:42','2021-09-13 10:56:42','',NULL,NULL);

#
# Structure for table "origem_ticket"
#

DROP TABLE IF EXISTS `origem_ticket`;
CREATE TABLE `origem_ticket` (
  `ort_id` int(11) NOT NULL AUTO_INCREMENT,
  `ort_descricao` varchar(50) COLLATE utf8mb4_unicode_ci NOT NULL DEFAULT '',
  `ort_incdate` datetime DEFAULT NULL,
  `ort_upddate` datetime DEFAULT NULL,
  `ort_delete` char(1) COLLATE utf8mb4_unicode_ci DEFAULT NULL,
  `ort_deldate` datetime DEFAULT NULL,
  `ort_deluser` varchar(40) COLLATE utf8mb4_unicode_ci DEFAULT NULL,
  PRIMARY KEY (`ort_id`)
) ENGINE=InnoDB AUTO_INCREMENT=15 DEFAULT CHARSET=utf8mb4 COLLATE=utf8mb4_unicode_ci ROW_FORMAT=DYNAMIC;

#
# Data for table "origem_ticket"
#

INSERT INTO `origem_ticket` VALUES (8,'E-mail','2020-11-05 11:47:42','2020-11-06 08:43:29','',NULL,NULL),(9,'Reunião equipe','2020-11-06 08:41:57','2020-11-06 08:41:57','',NULL,NULL),(10,'Sistema','2020-11-06 08:42:06','2020-11-06 08:42:06','',NULL,NULL),(11,'Telefone','2020-11-06 08:42:12','2020-11-06 08:42:12','',NULL,NULL),(12,'WhatsApp','2020-11-06 08:42:24','2020-11-06 08:49:47','',NULL,NULL),(13,'Outro','2020-11-06 08:42:31','2020-11-06 08:49:28','',NULL,NULL),(14,'Solicitação interna','2020-11-20 08:02:37','2020-11-20 08:02:37','',NULL,NULL);

#
# Structure for table "parametro"
#

DROP TABLE IF EXISTS `parametro`;
CREATE TABLE `parametro` (
  `par_key` varchar(15) COLLATE utf8mb4_unicode_ci NOT NULL DEFAULT '',
  `par_conteudo` varchar(500) COLLATE utf8mb4_unicode_ci DEFAULT '',
  `par_descricao` varchar(500) COLLATE utf8mb4_unicode_ci DEFAULT NULL,
  PRIMARY KEY (`par_key`)
) ENGINE=InnoDB DEFAULT CHARSET=utf8mb4 COLLATE=utf8mb4_unicode_ci;

#
# Data for table "parametro"
#

INSERT INTO `parametro` VALUES ('ADMINTKT','1','Usuário gerencial administrador dos Tickets.'),('HRTRABDIA','7:30;12:00;13:00;17:18','Qtde. de horas trabalhadas por dia para cálculo de horas dos tickets.');

#
# Structure for table "pasta_trabalho"
#

DROP TABLE IF EXISTS `pasta_trabalho`;
CREATE TABLE `pasta_trabalho` (
  `pst_id` int(11) NOT NULL AUTO_INCREMENT,
  `pst_descricao` varchar(50) COLLATE utf8mb4_unicode_ci NOT NULL DEFAULT '',
  `pst_grt_id` int(11) NOT NULL,
  `pst_incdate` datetime DEFAULT NULL,
  `pst_upddate` datetime DEFAULT NULL,
  `pst_delete` char(1) COLLATE utf8mb4_unicode_ci DEFAULT NULL,
  `pst_deldate` datetime DEFAULT NULL,
  `pst_deluser` varchar(40) COLLATE utf8mb4_unicode_ci DEFAULT NULL,
  PRIMARY KEY (`pst_id`),
  KEY `fk_pasta_grupo_trabalho` (`pst_grt_id`),
  CONSTRAINT `fk_pasta_grupo_trabalho` FOREIGN KEY (`pst_grt_id`) REFERENCES `grupo_trabalho` (`grt_id`)
) ENGINE=InnoDB AUTO_INCREMENT=16 DEFAULT CHARSET=utf8mb4 COLLATE=utf8mb4_unicode_ci ROW_FORMAT=DYNAMIC;

#
# Data for table "pasta_trabalho"
#

INSERT INTO `pasta_trabalho` VALUES (11,'SETOR 1',3,'2020-11-05 10:50:56','2020-11-06 08:08:41','',NULL,NULL),(12,'SETOR 2',3,'2020-11-06 08:06:27','2020-11-06 08:08:58','',NULL,NULL),(13,'SETOR 3',3,'2020-11-06 08:06:46','2020-11-06 08:06:46','',NULL,NULL);

#
# Structure for table "perfil_acesso"
#

DROP TABLE IF EXISTS `perfil_acesso`;
CREATE TABLE `perfil_acesso` (
  `pfa_id` int(11) NOT NULL AUTO_INCREMENT,
  `pfa_descricao` varchar(80) COLLATE utf8mb4_unicode_ci DEFAULT NULL,
  `pfa_incdate` datetime DEFAULT NULL,
  `pfa_upddate` datetime DEFAULT NULL,
  `pfa_delete` char(1) COLLATE utf8mb4_unicode_ci DEFAULT NULL,
  `pfa_deldate` datetime DEFAULT NULL,
  `pfa_deluser` varchar(40) COLLATE utf8mb4_unicode_ci DEFAULT NULL,
  PRIMARY KEY (`pfa_id`)
) ENGINE=InnoDB AUTO_INCREMENT=3 DEFAULT CHARSET=utf8mb4 COLLATE=utf8mb4_unicode_ci ROW_FORMAT=DYNAMIC;

#
# Data for table "perfil_acesso"
#

INSERT INTO `perfil_acesso` VALUES (1,'Administrador','2021-09-08 10:33:33','2021-09-08 10:33:33','',NULL,NULL),(2,'Desenvolvedor','2021-09-08 11:10:37','2021-09-08 11:11:29','',NULL,NULL);

#
# Structure for table "prioridade_ticket"
#

DROP TABLE IF EXISTS `prioridade_ticket`;
CREATE TABLE `prioridade_ticket` (
  `prt_id` int(11) NOT NULL AUTO_INCREMENT,
  `prt_prioridade` int(11) NOT NULL,
  `prt_descricao` varchar(50) COLLATE utf8mb4_unicode_ci NOT NULL DEFAULT '',
  `prt_cor` varchar(7) COLLATE utf8mb4_unicode_ci DEFAULT NULL,
  `prt_incdate` datetime DEFAULT NULL,
  `prt_upddate` datetime DEFAULT NULL,
  `prt_delete` char(1) COLLATE utf8mb4_unicode_ci DEFAULT NULL,
  `prt_deldate` datetime DEFAULT NULL,
  `prt_deluser` varchar(40) COLLATE utf8mb4_unicode_ci DEFAULT NULL,
  PRIMARY KEY (`prt_id`)
) ENGINE=InnoDB AUTO_INCREMENT=6 DEFAULT CHARSET=utf8mb4 COLLATE=utf8mb4_unicode_ci ROW_FORMAT=DYNAMIC;

#
# Data for table "prioridade_ticket"
#

INSERT INTO `prioridade_ticket` VALUES (1,0,'URGENTE','#CC4444','2020-11-05 11:50:05','2020-11-16 17:09:39','',NULL,NULL),(2,1,'ALTA','#FF8800','2020-11-05 11:50:30','2020-11-05 11:50:30','',NULL,NULL),(3,2,'MÉDIA','#F2DC32','2020-11-05 11:50:46','2020-11-11 13:46:58','',NULL,NULL),(4,3,'BAIXA','#4285F4','2020-11-05 11:51:20','2020-11-05 11:51:20','',NULL,NULL),(5,4,'SEM PRIORIDADE','#00C851','2020-11-05 11:51:38','2020-11-06 09:10:19','',NULL,NULL);

#
# Structure for table "rotina"
#

DROP TABLE IF EXISTS `rotina`;
CREATE TABLE `rotina` (
  `rot_nome` varchar(20) COLLATE utf8mb4_unicode_ci NOT NULL DEFAULT '',
  `rot_descricao` varchar(120) COLLATE utf8mb4_unicode_ci DEFAULT NULL,
  UNIQUE KEY `rotina_nome_unique` (`rot_nome`)
) ENGINE=InnoDB DEFAULT CHARSET=utf8mb4 COLLATE=utf8mb4_unicode_ci ROW_FORMAT=DYNAMIC;

#
# Data for table "rotina"
#

INSERT INTO `rotina` VALUES ('accessprofiles','Cadastro de Perfis de Acesso.'),('categoria_ticket','Acesso ao cadastro de CategoriaTickets.'),('errorslog','Consulta de arquivos de LOG de erro dos Scheduler do sistema.'),('erroslog','Visualizar Log de erros do sistema.'),('graphicreports','Consulta de relatórios gráficos.'),('grupo_trabalho','Acesso ao cadastro de GrupoTrabalhos.'),('indicators','Alteração de indicadores do sistema.'),('origem_ticket','Acesso ao cadastro de OrigemTickets.'),('parameters','Alteração de parâmetros do sistema.'),('pasta_trabalho','Acesso ao cadastro de PastaTrabalhos.'),('prioridade_ticket','Acesso ao cadastro de PrioridadeTickets.'),('registrationlog','Consulta ao LOG de inclusão/edição/exclusão de todo o sistema.'),('situacao_ticket','Acesso ao cadastro de SituacaoTickets.'),('ticket','Acesso ao cadastro de Tickets.'),('ticket_apontamentos','Acesso ao cadastro de TicketApontamentoss.'),('ticket_arquivos','Acesso ao cadastro de TicketArquivoss.'),('ticket_comentarios','Acesso ao cadastro de TicketComentarioss.'),('ticket_historico','Acesso ao cadastro de TicketHistoricos.'),('ticket_rel_desemp','Acesso ao relatório de desempenho da Equipe dos Tickets.'),('ticket_rel_gerencial','Acesso ao relatório gerencial dos Tickets.'),('ticket_usuarios','Acesso ao cadastro de TicketUsuarioss.'),('ticketkanban','Acesso a tela de Kanban dos tickets.'),('tipo_atividade','Acesso ao cadastro de TipoAtividades.'),('triagemTicket','Permissão para fazer a triagem de Tickets recém abertos.'),('users','Cadastros de usuários.'),('usersaccesslog','Consulta do LOG de acesso dos usuários.');

#
# Structure for table "situacao_ticket"
#

DROP TABLE IF EXISTS `situacao_ticket`;
CREATE TABLE `situacao_ticket` (
  `stt_id` int(11) NOT NULL AUTO_INCREMENT,
  `stt_ordem` int(11) NOT NULL DEFAULT 0,
  `stt_descricao` varchar(50) COLLATE utf8mb4_unicode_ci NOT NULL DEFAULT '',
  `stt_aprova_ticket` char(1) COLLATE utf8mb4_unicode_ci DEFAULT 'N' COMMENT 'S/N',
  `stt_encerra_ticket` char(1) COLLATE utf8mb4_unicode_ci DEFAULT 'N' COMMENT 'S/N',
  `stt_kanban` char(1) COLLATE utf8mb4_unicode_ci DEFAULT 'S' COMMENT 'S/N',
  `stt_incdate` datetime DEFAULT NULL,
  `stt_upddate` datetime DEFAULT NULL,
  `stt_delete` char(1) COLLATE utf8mb4_unicode_ci DEFAULT NULL,
  `stt_deldate` datetime DEFAULT NULL,
  `stt_deluser` varchar(40) COLLATE utf8mb4_unicode_ci DEFAULT NULL,
  PRIMARY KEY (`stt_id`)
) ENGINE=InnoDB AUTO_INCREMENT=15 DEFAULT CHARSET=utf8mb4 COLLATE=utf8mb4_unicode_ci ROW_FORMAT=DYNAMIC;

#
# Data for table "situacao_ticket"
#

INSERT INTO `situacao_ticket` VALUES (1,0,'TRIAGEM','N','N','N','2020-11-05 12:09:01','2020-11-05 12:09:01','',NULL,NULL),(2,1,'PENDENTE','N','N','S','2020-11-05 12:08:34','2020-11-06 09:22:47','',NULL,NULL),(3,2,'EM ANDAMENTO','N','N','S','2020-11-05 12:08:39','2020-11-05 12:08:39','',NULL,NULL),(4,3,'EM TESTES','N','N','S','2020-11-05 12:08:44','2020-11-05 12:08:44','',NULL,NULL),(5,4,'EM APROVAÇÃO','N','N','S','2020-11-05 12:08:48','2020-11-05 12:08:48','',NULL,NULL),(6,5,'APROVADO SOLICITANTE','S','N','S','2020-11-05 12:08:53','2020-11-05 12:08:53','',NULL,NULL),(7,6,'ENCERRADO','S','S','S','2020-11-05 12:09:01','2020-11-05 12:09:01','',NULL,NULL);

#
# Structure for table "tipo_atividade"
#

DROP TABLE IF EXISTS `tipo_atividade`;
CREATE TABLE `tipo_atividade` (
  `tav_id` int(11) NOT NULL AUTO_INCREMENT,
  `tav_descricao` varchar(50) COLLATE utf8mb4_unicode_ci NOT NULL DEFAULT '',
  `tav_incdate` datetime DEFAULT NULL,
  `tav_upddate` datetime DEFAULT NULL,
  `tav_delete` char(1) COLLATE utf8mb4_unicode_ci DEFAULT NULL,
  `tav_deldate` datetime DEFAULT NULL,
  `tav_deluser` varchar(40) COLLATE utf8mb4_unicode_ci DEFAULT NULL,
  PRIMARY KEY (`tav_id`)
) ENGINE=InnoDB AUTO_INCREMENT=5 DEFAULT CHARSET=utf8mb4 COLLATE=utf8mb4_unicode_ci ROW_FORMAT=DYNAMIC;

#
# Data for table "tipo_atividade"
#

INSERT INTO `tipo_atividade` VALUES (1,'Incidente','2020-11-05 13:33:58','2020-11-05 13:33:58','',NULL,NULL),(2,'Requisição','2020-11-05 13:34:11','2020-11-06 09:28:51','',NULL,NULL),(3,'Evento','2020-11-05 13:34:25','2020-11-05 13:34:25','',NULL,NULL),(4,'sdasd','2020-11-06 09:27:36','2020-11-06 09:27:36','*','2020-11-06 09:27:42','Administrador');

#
# Structure for table "user_favoritos"
#

DROP TABLE IF EXISTS `user_favoritos`;
CREATE TABLE `user_favoritos` (
  `ufv_id` int(11) NOT NULL AUTO_INCREMENT,
  `ufv_user_id` int(11) DEFAULT NULL,
  `ufv_descricao` varchar(40) COLLATE utf8mb4_unicode_ci DEFAULT NULL,
  `ufv_categoria` varchar(40) COLLATE utf8mb4_unicode_ci DEFAULT NULL,
  `ufv_url` varchar(120) COLLATE utf8mb4_unicode_ci DEFAULT NULL,
  `ufv_incdate` datetime DEFAULT NULL,
  `ufv_upddate` datetime DEFAULT NULL,
  `ufv_delete` char(1) COLLATE utf8mb4_unicode_ci DEFAULT NULL,
  `ufv_deldate` datetime DEFAULT NULL,
  `ufv_deluser` varchar(40) COLLATE utf8mb4_unicode_ci DEFAULT NULL,
  PRIMARY KEY (`ufv_id`)
) ENGINE=InnoDB AUTO_INCREMENT=19 DEFAULT CHARSET=utf8mb4 COLLATE=utf8mb4_unicode_ci;

#
# Data for table "user_favoritos"
#


#
# Structure for table "usuario"
#

DROP TABLE IF EXISTS `usuario`;
CREATE TABLE `usuario` (
  `user_id` int(10) unsigned NOT NULL AUTO_INCREMENT,
  `user_nome` varchar(120) COLLATE utf8mb4_unicode_ci NOT NULL DEFAULT '',
  `user_email` varchar(80) COLLATE utf8mb4_unicode_ci NOT NULL DEFAULT '',
  `user_passwd` varchar(44) COLLATE utf8mb4_unicode_ci NOT NULL DEFAULT '',
  `user_pfa_id` int(11) DEFAULT NULL,
  `user_photo` blob DEFAULT NULL,
  `user_tipo` int(11) NOT NULL DEFAULT 0,
  `user_token` varchar(20) COLLATE utf8mb4_unicode_ci DEFAULT NULL,
  `user_ativo` char(1) COLLATE utf8mb4_unicode_ci DEFAULT 'S',
  `user_tema` char(1) CHARACTER SET utf8mb4 DEFAULT 'C' COMMENT 'D-> Escuro; C-> Claro',
  `user_pst_id` int(11) DEFAULT NULL,
  `user_resp_ticket` char(1) COLLATE utf8mb4_unicode_ci DEFAULT 'N' COMMENT 'S/N',
  `user_email_confirm` char(1) COLLATE utf8mb4_unicode_ci DEFAULT 'N' COMMENT 'S/N',
  `user_cookie_aceite` char(1) COLLATE utf8mb4_unicode_ci DEFAULT 'N' COMMENT 'S/N',
  `user_coockie_data` datetime DEFAULT NULL,
  `user_incdate` datetime DEFAULT NULL,
  `user_upddate` datetime DEFAULT NULL,
  `user_delete` char(1) COLLATE utf8mb4_unicode_ci DEFAULT NULL,
  `user_deldate` datetime DEFAULT NULL,
  `user_deluser` varchar(40) COLLATE utf8mb4_unicode_ci DEFAULT NULL,
  PRIMARY KEY (`user_id`),
  UNIQUE KEY `usuario_email_unique` (`user_email`),
  KEY `user_tipo` (`user_tipo`),
  KEY `user_token` (`user_token`)
) ENGINE=InnoDB AUTO_INCREMENT=5 DEFAULT CHARSET=utf8mb4 COLLATE=utf8mb4_unicode_ci ROW_FORMAT=DYNAMIC;

#
# Data for table "usuario"
#

INSERT INTO `usuario` VALUES (1,'Administrador','admin@ticketsys.com','e10adc3949ba59abbe56e057f20f883e',1,NULL,1,'69566528574358768892','S','C',NULL,'S','S','S','2021-09-08 10:33:33','2021-09-08 10:33:33','2021-09-08 10:33:33','',NULL,NULL),(2,'Desenvolvedor 1','dev1@ticketsys.com','e10adc3949ba59abbe56e057f20f883e',2,NULL,1,'','S','C',NULL,'S','S','S','2021-09-08 10:33:33','2021-09-08 10:33:33','2021-09-08 10:33:33','',NULL,NULL),(4,'Solicitante 1','solic1@ticketsys.com','e10adc3949ba59abbe56e057f20f883e',2,X'',1,'','S','C',NULL,'N','S','S','2021-09-08 10:33:33','2021-09-08 10:33:33','2021-09-08 10:33:33','',NULL,NULL);

#
# Structure for table "ticket"
#

DROP TABLE IF EXISTS `ticket`;
CREATE TABLE `ticket` (
  `tkt_id` int(11) NOT NULL AUTO_INCREMENT,
  `tkt_pst_id` int(11) DEFAULT 0,
  `tkt_titulo` varchar(120) COLLATE utf8mb4_unicode_ci NOT NULL DEFAULT '',
  `tkt_tav_id` int(11) DEFAULT 0,
  `tkt_descricao` mediumblob DEFAULT NULL,
  `tkt_abertura_data` datetime DEFAULT NULL,
  `tkt_abertura_user_id` int(10) unsigned NOT NULL,
  `tkt_stt_id` int(11) DEFAULT 0,
  `tkt_cgt_id` int(11) DEFAULT 0,
  `tkt_prt_id` int(11) DEFAULT 0,
  `tkt_ort_id` int(11) NOT NULL,
  `tkt_data_ini_estim` date DEFAULT NULL,
  `tkt_hora_ini_estim` time DEFAULT NULL,
  `tkt_data_ini_real` date DEFAULT NULL,
  `tkt_hora_ini_real` time DEFAULT NULL,
  `tkt_data_fim_estim` date DEFAULT NULL,
  `tkt_hora_fim_estim` time DEFAULT NULL,
  `tkt_data_fim_real` date DEFAULT NULL,
  `tkt_hora_fim_real` time DEFAULT NULL,
  `tkt_total_hora_estim` decimal(10,2) DEFAULT 0.00,
  `tkt_total_hora_real` decimal(10,2) DEFAULT 0.00,
  `tkt_per_concluido` decimal(10,2) DEFAULT NULL COMMENT '%',
  `tkt_aprovado` char(1) COLLATE utf8mb4_unicode_ci DEFAULT NULL COMMENT 'S/N',
  `tkt_aprovado_data` datetime DEFAULT NULL,
  `tkt_aprovado_user_id` int(10) unsigned DEFAULT NULL,
  `tkt_ticket_pai` int(11) DEFAULT NULL,
  `tkt_encerrado` char(1) COLLATE utf8mb4_unicode_ci DEFAULT NULL COMMENT 'S/N',
  `tkt_encerrado_data` datetime DEFAULT NULL,
  `tkt_encerrado_user_id` int(10) unsigned DEFAULT NULL,
  `tkt_arquivado` char(1) COLLATE utf8mb4_unicode_ci DEFAULT NULL COMMENT 'S/N',
  `tkt_arquivado_data` datetime DEFAULT NULL,
  `tkt_arquivado_user_id` int(10) unsigned DEFAULT NULL,
  `tkt_incdate` datetime DEFAULT NULL,
  `tkt_upddate` datetime DEFAULT NULL,
  `tkt_delete` char(1) COLLATE utf8mb4_unicode_ci DEFAULT NULL,
  `tkt_deldate` datetime DEFAULT NULL,
  `tkt_deluser` varchar(40) COLLATE utf8mb4_unicode_ci DEFAULT NULL,
  PRIMARY KEY (`tkt_id`),
  KEY `tkt_pst_id` (`tkt_pst_id`),
  KEY `tkt_tav_id` (`tkt_tav_id`),
  KEY `tkt_stt_id` (`tkt_stt_id`),
  KEY `tkt_abertura_data` (`tkt_abertura_data`),
  KEY `tkt_abertura_user_id` (`tkt_abertura_user_id`),
  KEY `tkt_aprovado` (`tkt_aprovado`),
  KEY `tkt_aprovado_data` (`tkt_aprovado_data`),
  KEY `tkt_aprovado_user_id` (`tkt_aprovado_user_id`),
  KEY `fk_ticket_categoria` (`tkt_cgt_id`),
  KEY `fk_ticket_prioridade` (`tkt_prt_id`),
  KEY `fk_ticket_origem` (`tkt_ort_id`),
  KEY `fk_ticket_user_arquivado` (`tkt_arquivado_user_id`),
  CONSTRAINT `fk_ticket_categoria` FOREIGN KEY (`tkt_cgt_id`) REFERENCES `categoria_ticket` (`cgt_id`),
  CONSTRAINT `fk_ticket_origem` FOREIGN KEY (`tkt_ort_id`) REFERENCES `origem_ticket` (`ort_id`),
  CONSTRAINT `fk_ticket_pasta_trabalho` FOREIGN KEY (`tkt_pst_id`) REFERENCES `pasta_trabalho` (`pst_id`),
  CONSTRAINT `fk_ticket_prioridade` FOREIGN KEY (`tkt_prt_id`) REFERENCES `prioridade_ticket` (`prt_id`),
  CONSTRAINT `fk_ticket_situacao` FOREIGN KEY (`tkt_stt_id`) REFERENCES `situacao_ticket` (`stt_id`),
  CONSTRAINT `fk_ticket_tipo_atividade` FOREIGN KEY (`tkt_tav_id`) REFERENCES `tipo_atividade` (`tav_id`),
  CONSTRAINT `fk_ticket_user_abertura` FOREIGN KEY (`tkt_abertura_user_id`) REFERENCES `usuario` (`user_id`),
  CONSTRAINT `fk_ticket_user_aprovado` FOREIGN KEY (`tkt_aprovado_user_id`) REFERENCES `usuario` (`user_id`),
  CONSTRAINT `fk_ticket_user_arquivado` FOREIGN KEY (`tkt_arquivado_user_id`) REFERENCES `usuario` (`user_id`)
) ENGINE=InnoDB AUTO_INCREMENT=437 DEFAULT CHARSET=utf8mb4 COLLATE=utf8mb4_unicode_ci ROW_FORMAT=DYNAMIC;

#
# Data for table "ticket"
#

INSERT INTO `ticket` VALUES (436,11,'TESTE NOVO ticket',1,X'3C703E6173642061736420736164207361643C2F703E3C703E3C696D67207372633D22646174613A696D6167652F706E673B6261736536342C6956424F5277304B47676F414141414E535568455567414141663441414144784341594141414171547456454141416741456C4551565234416532642B363974563358662F5866304A3175693753393970367153526D71567067394672527271454670567169684B676C445570727879555341764875616D4D6667536A4947674E4267772B414A526746444A2B4D4572464A7463352F704A434C626A4E38612B396A58323551314B744B7250507665377A7A687A72376E6D576E4F757663382B5A332B76744F36636138777878787A7A4F373972667464616535397A4C726E7737653930506F79424F57414F6D41506D67446D77477879347841753947777674646659366D77506D67446C674473414243372F666550694E6A7A6C67446D79514134383938575233397136766447664F33723031422F6D516C32344D746948484E43666C35724C39357358437638454C336F52744A3677784E495A486E514D4932726C6E6E6C324B3744624D68337A4953376C73513435705473724E5A667365734A58432F2B3533763666376C562F356C56484857303665584A4A31444347347978376A5A35393263686C445932674F72484A67572F65676D466573482B596144755578314861594F522B46736264532B4248397365424E3853576D79624B3645593346326E37477A68786F35384332376B45787231672F7A445566796D4F6F62577A4F50446A7149585071512B54594D62625272796A385535362B502F364A5434345737434577706F6A3546462F476E494D7351376D377258316A4E4962473844687A594676336F4A6858725065747853333358756A6538716C7644683734395057645968764B5936687437426753665A566A2B37583458582F366448666978496C754C7232737961556F2F464F4564597276554C4A54346B7A785A63773579444B5575397373577561414F5444456757336467324A65735A374F35617550663676375736392B617453426239702F79766C51486B4E74755445513357757666582F3335544E6E4669583645592F59686D3875546F7464342F336D622F335757754972743174762B334C332B2B3939622B3859467636474C2F66642F4E6E5064792F35685A63766A316564654E30433544767575716537346E666532677534466D5658536E415152734A6E6B334E6E3745324F6C3435317932632F322F33596A2F31593938686A6A782F4934353358584E50526C76707638767A4F752B377566763033666D4D6A4F5A7A2B32423933583772747A484B7339487954387A377373635949317631762F5A33754B7A2F2B7A37712F2F50742F62314679507054332B7A39775866664379313930774F6632733364306C31373267735878696C6539356B4262583679595636796E766A7A4A6A78582B394B6E2F6F55636558655A4562755359786F2F6E51336B4D74635559717439397A3730485246344350465453522F336E4B6A663178492F6F4D37632B3864386134633939704644363349574A54566D517157515A696F3377762F7539663767792F6A59492F30662B364F4D647831442B3632354436474D4F34414A6D36783433787438573455384664717A7763394D51357A4E6E665A50436A2B6A2F2B6D2B2F65536E2B36666D6338397232574B553936432F2B2F633930542F3334762B69652B596D665768366359302F6E4A694646324B50777930354A483971354F556A37782F4F5956367848482B70522B4B6E3348652B342B626E467A5545712F44454852442F6D6E4937442B5641655132313973654C6E2B524A3758726D2F373970724677643132565757394B64766E47327939596B2F746C6D4676325843417271764849714C2F314237326A61564C476E2F654737687A372F533359596244395A71473451666B5566343478502B72676B2F6135474B66586F657236336A58422F61677836382B76653670333738583362507665526C3366502F3839554C3461666B484476746664696B496E72446A54643156373731717155763761576E2F706858724B666A5265482F326175663666714F6633586C303733436E38626971542B3178664F685049626159677A56622F6A306A5165454861472F372F34486C754E54543857665075702F564D736F2F71705843662B70553663576E3439382F67742F326A33362B4D46586D4C5867354151385A39633470586235715A784B467658724B38634B66337A6472536467765258676A514869684D2F446A7A362B664330755034324C6A77373659706534386D524E6D31366C593563764A58476A726538746863615A717951587873334659773478782F676D4144766E616B2F625A46663855697A6C6B50724A767334537355666B656455666E393554346566476748614F30782F35364149336E565071356F476E64504A4E343946482F574B736C377A6B76792F585144364B46352F3471574F504E796672774355562B2F523848574E75573879685065692B662F33766C6D4C2F4E382B633737357A3958733653743045304E34336E354C77382B512F35656C364B4D636F2F432B382B706B75486E2F6E6451632F2B302B662B47507555334F4B66616B50355A6A36366A794B6639396E2B4E6A51464935316966366D587656727A705153664F5A562F6354507178474251386D5846506853524D754E414846696F71726E374750623561657968697A716D355A526E42416A43536F436F382F34735558686B73424C684E53475545713464514F67385649526C5A2F4558414A49624D58545451457861466366785678334F545365357165387951583877455431694B566970566A694F7961572F42534863386253474A79763635447745782F6852634370522B475064646F51626E306E414446576273535375464D6936726F52554239696151794E535A76714D5A3645587A6352476C506A72614E4D685434395838655932785A7A6141393638436633582B386A2B7433662F4D31432F5058616E2F612B2B6154436E373771352B6C2F48634A2F38373058756E6A6F53562F6641526753667649683737373579446145315643622B71666C4E67692F74485064582B364C633539462B442F33685338634548354E684E636B66467379446A69326E6850346E463178532B337955316C444676564E53305332547A796938434D32656B4A5653622F6F51397855314F694871456E593146636C39696A7578496A6E735534623858517A6B73356A4865664B7679393248323478582B59592B2B6D63667452316734445032466A714B2F776F7954474F73343536464837695336796A32474E446B4F4F684A2B386F3141697A6E754152633453624F4E676C3772536E4171345965754C5850435838744B643935444E6E6D597038656A376E574E7363613267506576412F2F4E7A67457A2F7466584E4C685238665876667279333372456E344A664B3773452F3730707152765072494E59545855707636786A4B4B50626F783531662F7047322F71785476476E56726639424F2F524A3953396170582F627A6542376834384F573863382B63727759704A2B413575384175746374503556537971463966325363362B4556527A776C67394B48506B50446E4243714B4A5448696561777264385A45385070755675517A56386B59354E415872773833664C486A543436785833724F44517732626E37477875727A69324F737135344B76385157455A613439346D313870466F36317943483457654F486F543042644C4E777439776B39383270574C78706D375445552B505A39377647324F4E375148505837746837747A2F2F796E657A2F6A7830353733397A3668442F36705A2F35787A625659313678726E61563856562F5476426C54332B637235536E786C41356C4D64516D2F72484D76666C5072534C492F3138483233786C2F7553313647387067415948627A716A79425072656345504764582F464B372F46524F4A597636395A55354D596D696A674432435733304954592B456A374F347730443964696D58464A786A2B65353342444C3349324534733552366B31467A4A733563363432536F306C496563384666723048422F684E545A576E352F47586D655A436A396A49647052624E5058387A4766564D6752622F704C714F6D726D7748367062487778305A626E2F4472426F49624147354B3474687A31744D66333076503578787232324F563971424866756C2F6465642B38716558332B6A6E4E542F6E6A2F7A534B374C7255784A556E767835306837434A75595636326B6643542B6635312F787157396D6A37366E66623567574D6F6A6A6A6555783142626A4B4836747677346E2F4A5A64366D6E65387030724B6F6E666F4C6F633337756C5054717630583863774B657332736970586235715A784B467658724B78457852436B6543457771366768743943465736694D68307A68522B43566169714658396C486F3652665059353837372F6E4B6766455A572B4F737531544F6C4D71624D636B6874735763734D653864413547366C4D544B3130763849726A724B50654A2F7938566B646F4A64364D6938426A3036466345473173456D2F456D584F396D69634766655650695A67726A6F51642B3544774B79654E452B4F3550753933514D627351642B342F685064592F2F6C46377648662B626E4679586E512B76514A2F78367A55394A2B31422F326D4A65735A3732513941522F54393759506F76352B467A2F5A6758646435477047506F664369506F5462315430746573364E646643517444554E44644D5132664E502B63357876366C562F30792F77516467464371556D6A746A7A616B53763931764650386257474A51357533784B37664A5457554D573958553537775A6F5049336E4C6E4A67572F65676D46657370327645362F736130552F6A6A446B66796D4F6F62557873664E435065497A74312B4B6E3854623535623430332B49546639704235337A4F6E333652442F486E6A6B6B2B553071423056634F7863462F714431746D344D73615579665738444D41584E674C41653264512B4B6563583632486D747732386F6A36473273626E776F2B6E53484F706A2B3758346265714A66796A4861754566436C7254317666464379334955446E317978647A6B4B566D6675356A595441487A414534734B3137554D777231672B5474304E35444C55645A733548596579744566366A414A5A7A394D5A74447067447252773465396458756E5050504C755270387578755A495065636C2F47334A4D63314A754C7475765151742F38744D4B4A6C5537715979684D5451483868783437496B6E46794C4C452B75324841673965576E64746948484E43666C356A4C5072624859575067742F4D754C66537870374E642B34526C445932674F6D414F487851454C76345866776D384F6D41506D67446D7751787977384F2F5159682F5733655678476C652F6B637A6C2F68396A4F55377236376E344B5877584F48444A746E7A4735447932352F4D2B7230562B4C537A342B3449764C4D795850462B4D6A62485A52673734696439502F4837465A773659412B61414F624244484C447737394269373849724C4D2F527232724E4158504148426A6D674958667775383766585041484441487A494564346F4346663463573233664277336642787366346D41506D77433577594A727758376A5150582F2B6650663875584E37782F6E7A3359554C4633796E364A7348633841634D41664D41585067694842676C50412F2F38336E7575652B2F7658756D772F63337A3337316139327A3935377A39377831613875624C5468637854756C5069473556484963353035476F507466617278326D7A7632717A7A6D6E52737233764B6758587542555868352B6C2B4966683333646B3963397558756D632B2F376E756D632F6376486451762B314C33624E3333626E777754644E6674764F31776E6D747330316C343878324E354E786D757A76577554753535735031357239735662763979642F7467666432383665655869654E766233376B342F2F4D3737396D6F767332784638512F6668662F6F4E3267384339452F3736766465665066486B6839452F3837685864512F2F313875372B6E2F674869344D364E6D344538506E6D665639626641517731345677332F3050644E64652B2F354F79564E796A7231326A446E4172423137536A2F6D2B4F35337636666A627A627A31776D764F6E57713438386554346D523835324377594D50506478646338303133596B544A7759506650444E6A576E37754D3352617A4D4F4A2F504A4F4D334A67616565507238513935662F6A3164304C2F6D466C32655056353534585866545A7A362F6B583175796C365177794C397937627979776F2F722B3535306B66516E377A2B673932442F2F4866645066396F372F64653943477A304C384837682F6C74662B6E2F6A6B4A35642F4A7A6C4E6E6E50614E596B70355651773955744B70705A54636B703945586A6D694F676A2F752B373974726C7A51383350716E2F31504D704743446F743935366131663668772B2B55334F782F38454E3347747A45412F7A773369736D774E662F6472393365742B3834314C73582F58372F39427831502F32547676377267686F4C7A704D352F72734F756D41482F6131706E626C4C31416556782F2B76546934666A4C5A383473796C513730512F6173734C50352F613877756470666B6A3064544F41443737306F61385371536B2F2F6F6C3930622F68307A64323535375A4135696E344E684766577238715741692B432B382B706E75696B3939633954785531632B3364466E616C37795A34347356742F633772376E336B55626D4D692F7070794341552F36592F2F684F3554504379392F555866705A533959487265667657505166796A57596253522B377248335A613159613369584B3938363158644B3137316D674F32324A3672762F384431335563666531446258332B63396D59787A7135423159706675534F376146484875334659757A63794C746D486362476C313863353459626231706373326F3762755837507643686861432F37645137753463666657787766576A2F745973334364774D72424F4C4B58734265556766557248764F2B38582F677358466B2F37664837507133794A65366C637650612F3755754C76725866397066774B566C653730763442584B63495036796A796D6E676F6D512F39335850395839325150664B6F364444373730475A4E4C6E343965372F653159655070767953777562367954384667627548587873664773676B68315A7A6E4B446552377A617344566768797378583631574C33354334443758566A6A656D33796145482B79595838796E5676676A3736496778396731395269582F7646387A6E46716373763175667164372B7839452F783737336A484161787A2F5850324B4F4C552B587866542F6555664D37506B372F36783770736335645439674C47316B6669306B354B396D383051377168746C3768353066322B50592B582B546A632F7953344B7364582F72516C786731514A41677966465571346E3069622F384B4B654D4D78584D727A2F7A6E653666766D6C502F4C2F36654637384A66702F353356506466535A6B6C50303566582B71564F6E737633424258776566667A7872452B4D3131656667734736684A2B3831723042393832397852593378705934513332335A573349456548693658556F33314C626B4C6750745A5869747253766D3364677071666B654F4E6B34612F66463758656A7A2F786A56376862396B50465A745839314877582F4772763961392B65547648726742654E66762F352B6D3630466A6A536D6E374158456B7A5A49334E6D3734344D78645779303977762F75584F4C4839666A31543166354A4F776C30703846362F373737326E2B6B742B456E7565386A6C306E6F712F6E7671786A774652506C504270422B696A71427A412F4262482F396D39355A5048547977305962506D44634479715776314F66366657335939506C2F584E43636238342B42594E31437A38626F353475324A4431696C5276424244624B4C6949685778526C47536A7043397A6C37426765384D62333377674475324D78776174756D4C5172773837326D565038314D633272587034362F58766C4541464B4F76334A6131495465744333566871627177306872454F644F5772674872716A36616434794A6A6657515432344E7746452B6C4A7A6E78695A6D62424F33744F364B6F7A6E676E36367263703153456F39784F52684C66565068312F69554D5166355536592B5768503831535A7543633859443576384B4F5562625447572B6D6F6363756972787A364B695739635A38624F7A53764F635772396B332F794A7766452F376F506657694A3864525971542B66342F4D7150333269357A4E2F3750484E514E703337764D70653448476A754C50352F3279713853326C634B767578556C6D684E2F37764253582F555A4B6D76414A4236437A6D66332F2F43337A783051666B516647323233334E762B7934783432682B366D64484344633278314459466733554A503575694E6D4A747470546B7A6B61694E7336787334476B6473307A33564456563575652F496A42754F6B59305534626D3358637A4E5366545646393479614B6A5850797046397359377834726C69356368765752726C46764355713053612F74415148435A37575148687948747334702F2B594E5569785463666C504934644F525A3947563863776137315365636D3373572B592B70784C6F776C7A6B5765557065646D50674A6933514D38704F4E6E446858582F6F77487533556F323836662F5656724F694C4C5A3548484E4E36626E7A795543374559343778584F504F5562372B3961396637502B76666531726C396A4D455466473445742F58377A74797975662B334E54774F742F667551762B7339646E374958614F773234542F45562F3136776F2B766276724566354E502F414C313269382B747844342F2F79655A356269547833527030312B4C535866754F53477075394839336A4B52346A373775536D6A446D4655484D4C50357547447555634E785A7362466A7955616D4E6D6C4C4367612F455148347173624D52787330306A685062694B6C2B4B7257784B6B644B3270526675714570487633534E754B545434795671782F6D32715135447545563130427A6954697158626A4968314934787262594E376347666467716275797673566D48766E576B6E626D7072383778316467716953752F73575563562F796B4C37453435306A6A52717A5463595158397451766E6B6338385931354B4B626D796E6D4D6D353748754C6B3666574B623571657868745A4C5072586C462F37306934743938744D58622B5272342B5436496672784D33362B31496667382B4E38484C54786F333938753339644E77425439674C6D4555556644574876526A4D30522B6B48626232762B766C69486A2F4B6478686637744E6E392B6D33326C507835307477544744646E2F454C4E4A57492F4D396576532F38314C477066593553542F58383641552F747368782B694D665758342B382F6B762F476E5465464D494E626677702B4943586E487A344C793059654450707358473172654A616733536A5243374E7165343863716D66726C5347325666666F79466E594E366A444532506E32326157334156334E4A73597872514E374D45527631754A3570502F6C537872597847505868726E6839592F634A482F35522F4F4A354C6A342B55343530584D3254635965456E333539343468337445567330334F4E6F78687048746956412F55594E7A3250342B547139496C74724345324858506871586870796538325357317A6E764E6148344858363331392B31386642656A482B7A696663317A466D724958304563507A65696944765A76744A4B4475757A3977762F743779782B4A4F3877667079507578496C78314F39514B434D34692B6665456354665850317157436D635459682F497A4A6B37392B65592F6D7973325150754E762B586E2B4B5267636876437A4F6249703964306B61443269344C5068734D6D6F5457573645574C48787559584E316E7138567A39303149625A56392B7970654E554837304A792B31706648367A72646C6263416A62755239574B5A726F5057694C78677A502F72464F424872474450612B334442316F633764754C336A51333263577A464A5466574B543350785A6666324A4B3570487945417A4650367447486E4F4A354843763269304B4C547A7950654E4B577A682F666945654D693338386A33467A39585238356B414F324255504C48512B64356E7177397A786952642F764938762F3856582F48726C7A2B662F36786837796C37412B486F4C4C7230594B7250436635692F774165425539494933463333334C735166556F3936644F6576685559412F35554D4E4F596D784A2B6A63764E54767A59413776656974534B2F78514D35767746506E466A3066776F343859694F3573576D36554F4E6852747A4C4C52442F2F55486B556E626B54525633303148726B704C715873735978322B6B662F47493878316362476C3574336A4B33365961364E63715A4D4E327A6D4E4C5147365A7A6A4768424C736346436331564D6E59395A67785233316A34334E6E466A6D38596D743768653862795064387076624D6C385578465858504A5648474643535A3679703658776F7952765959746650452F787044334F6E33466937426758657A79506358503164487A4F307A6B524D3435356C4F74367775635650362F333955742F2B50622F4F7559315A532F512B4C777452683934634A524F53457370315A59566667496435712F736A654966453165395276535A55773259417055533465646E39586E467A304639376C66396362786358597461492F35544D504376374E312F645A6C6269354939335843482F4C303237586750346575327A65486264794E796C50486E36522F7835786639384F54504B3335652F322F4C4533386674744A4C6C66495A4648366344764F50394E78332F774F4C4F785239646B474A34474858424B6157557A625776746838632F2B2F76666638346B66332B504539366E4E386D373976724A4A4E346A2F314A71675667314A6562742F6658486E696955396F4A5779384E7676596C6242792B2F5A69706264777643303462757645462F2F342B58353939722B752B633278462F425459684C392B50746869734C507050786E65626633416B50302B54686743766E6D494E53553858624E4E373775314F766C735268346262623357687537687276716C3336736B48376373617534314D35376E5876424B4F46664A6E3768777549333876455759484877322F6B7574502F732B6A4A2B2B45616F626434417A51467A77427777423879422B546B77546667747A4A4F65724533592B516C72544932704F57414F6D414E74484C44772B3262474E7A506D67446C67447067444F385142432F384F4C6262766B7476756B6F326638544D487A49486A7741454C76345866642F726D67446C67447067444F385142432F384F4C665A787546503148507A455A513659412B5A41477763732F425A2B332B6D62412B61414F57414F374241484C507737744E692B53323637537A5A2B787338634D41654F417763732F425A2B332B6D62412B61414F57414F374241484C507737744E6A4834553756632F41546C7A6C674470674462527859456635312F7070414C31626259686B2F3432634F6D41506D67446E517967454C76352F342F597250484441487A41467A5949633473446268762B48544E3361667676476D6A5A424A663331495A6576646B5076376A746F634D41664D4158506775484A674C634C2F35544E6E6C6E384B3850592F50377432385A6667717A7975692B563565534D794238774263384163614F5841374D4C2F56773839334C33796C613963436A2F314278392B5A4B33694C3846583251714B2B2F76434D67664D4158504148446975484A68562B4A2B37384B33754457393477314C304A63527665744F624F74725742614C4755626D7563527A584734453559413659412B624155656641724D4C2F6A7175765868463969664531313778725675462F333758585A7366536D506763395156792F74356B7A41467A77427777422B626B77477A432F2B48727279384B3866576E54383871784B644F6E63714F5364756351446D574C7A787A7742777742387942343843423259512F6771456E62705778626337367557664F6432383565584A462F4C48524E7564596A75554C3368777742387742632B4134634F4249437A384C634E2F394433516E54707859696A3931624D646863547748627A4C6D67446C6744706744633350677941732F674E78397A37314C3461632B4E30694F35777650484441487A41467A344C6877344667495034767875533938595845636C345878504C7A4A6D41506D67446C6744717944413273522F6E556B3670692B414D7742633841634D41664D6758594F7A4362382B694A66715A78723055726A714832753852796E6E577A4730426961412B61414F584434484A684E2B4C325968372B5958674F7667546C6744706744356B434A4178622B4866714C54435579754E3062686A6C6744706744783538444B384C7652542F2B692B343139687162412B61414F624337484C44772B346E66502F356F44706744356F413573454D637350447630474C37446E3933372F4339396C353763384163454163732F425A2B332B6D62412B61414F57414F374241484C507737744E6936323350704F33397A7742777742336158413565634F58743335384D596D41506D67446C674470674475384542502F483769642B762B4D7742633841634D41643269414D572F683161624C2F613239315865313537723730355941364941785A2B43372F76394D3042633841634D41643269414E4C34652F387A77687343514B364B3358704A78527A77427777422B626E6749562F5338544F6165776A344174392F6776646D42705463384163454163732F5074363439715749434279757652475A513659412B62412F42797738472B4A32446D4E665152714C76514848337134752B616161376F544A30344D48766A67577A4F472B38792F41526C5459326F4F624A344446763539765846745378436F32516751394674767662553441337A7772526E446654612F51526C7A5932344F7A4D3842433339524B757977615152714C6E5365394D662B7733646F6A4264652F714C756F5563655065427A35567576366D3634386161466A666F7258765761412B324B68772F744F7138702B386176695A503275663373486231355833725A433562354D6A626E4F6A526E59713072727A52506E382B2F3052745459786F356B42582B31377A32313775582F4D4C4C6C38662F2B394A74485163322F6E33747676753733376E79314E6939316E3547594451436B61426A363573552F7147634E695838372F2F41645233485543357032316A68313030504A5463414F726677577A785354766E3861484A6955506A506E33383275316D6E77713862676D77484E7869426B516A55624359572F7649474E4658345751666562466A3479396A57634E5A396A4F74686363444350314B4D374C593542476F75686B304B662F71306A546A71315468743856562F327459334E77525A2F656B626E367A6A71336439764D4159387463544F6632694C54654F597352322B756B386A6B31656E5065317955595A7839564E516D783333514A6E446D77584279594A66337A4B6A2F58346B634166764F384443345834784A2F38332B58484250456A41587A564E76524759584D79343547324459476154574A753459396970726F2B373437436A2B42476F55636F645536705073774A305532466B5850697934352F504939593042387878685A7A6944354462574F662B445866394359683368526F7A48534F73727663726F3365362B4831694277594650346F3649683046507459527A6A697133362B43364162414E6F51656D7A7934397A2F6A45414F67556A5173665735685639437250476A774558525463557766735A506D3052555A6277524948623031316778706D34453144386E2F4C71426B4238354B70374B73634B7675524E4C64574C45764252542B536B7632563161614D7942376558416F50436E542B525237474F644454774B503649666278716F363059672B755532667474334734476144654D7768542F6D473457385479696A4C33583855354657503972695533667569562B6972396A78786B513253767949505754543250696B3438653247494D367561553343716D507A376458434C77327537553261784E2B5065476E456D626854784878655970417A535A30574D4B503445586852687A6A713337566333506953526E42564474694B77476C72763453647A315A70323152304B6E486E4253626B6A6236796B6238364574372B7053764D644D327856424A72426862647065374A537065372B316637396D456E782F2F30787343524A2F7A766E38572F6A35556249734931477763632F34436E7A364269364B57506C456A3144706F6B31677A44324B706A624A76627653524433336A2B4C4A6A69302F38756847676E62716575446B6E5268547A64457A46704B52666249396A5930664938614F657A6B567A56627730566F7A722B76614C6764646F64395A6F4E754858363332393074633551732F4252775038732F424869584F39443447614463692F736E64334E713061667269502B57454F37484D674B2F783947374A74526D415443506743336239416A5957784D41664D67626B35594F4866684A4A356A456B497A453179782F504761513659412B6241506763732F4A4D6B79633662514D4158365034466169794D68546C6744737A4E676158777A78335938557857633841634D41664D41584E672B7A686734662F323969324B4C78537669546C6744706744357343364F474468742F41662B4847756452484E6362324A6D51506D67446D7748527977384676344C667A6D67446C67447067444F385142432F384F4C6262767472666A627476723448557742387942772B5241722F4466646663393351326676724837364D662B714476393059384F48766A6753352F446E496A48396F566B44706744356F4135594136554F5842412B4A3838392F5243784574696E32766E426F41594272344D76444579527561414F57414F6D414F4877594544776F397735305239724A305966524D35632F627558764D662F6F59414143414153555242564875667232322B474D7742633841634D41664D6766567759436E38764B6F664B2B346C763737582F68622B395379674C777A6A61673659412B61414F544346413076686E2B4E70587A634566552F39466E345463776F783757752B6D41506D67446D774867347368582F4D462F6B6B374B5753574F6D4357666A58733441707A6A34337A7561414F57414F6D414E444846674B66306E4D7037616E6731723454635355457A34334A387742633841633244774869734C2F6F782F3971487671334C6B446E2F2F2F3564652B316E336E75393964324749393368796B69316B532F687475764B6D37394C49584C493858587636696C62634761637778353639343157753632382F654D52694C7361393836315564767051784C6E6D382F77505864513839386D6A586C784D3232756844337A69484E46614D4F31516E58334B52442B4D726272537266577970474A517874317838386F6839786F346A502B4771383032577245756359787762444774776A47744E48647869334E7236584C797048562F396D464E6362383756747336537459417263517A476A6A61754D584B545438797A644832724479572B366277594A3757784A6E4F746278782F536C317A6A6A6A452F6D44516B694E7A6A4E6542654E67534D2B593374673732635432316E2F6231542F664750682F62796A635367384A2F35766262752B6565653637377751392F654544343737376E6E7537353535396632474B395266687675766B7A3356576E66712F377751392F64504834346649697A79316B334168795071392B7A596E757A72754766364C6756612F2B31653772547A7A526666384850317751554D546A6771502F3937372F672B3752787837764C762B356E312F4A435274746A482F567162643374337A6D73387335304A613761485035596964667871564F2F37646439665A6C7A4A74762B657A79526D4D6F526D7A54426E4C335066637534317A336F65735863584C7836664F664C762F357066385433336879386C7A32317654744B356A46334E5A56423376346F6258554F4D4A432B4D6F2B706F78727A5455424C3862304B2F6D6B76506E2B443972696A726B752B6E4A696671797A7273455066666A3658677A372B726259344451635677797455625464654E4D74692F30424834516935766E42367A3638374B735975664B37332F762B346A714F764743636C43746738666A586E7867644E7A64656935313968627A494A59334464557362313348614E7659636E72486E345138656A4D5061542B56316978677A6837686E736B656C613847353568543352746C636C6F552B785768512B4A393838736E75336E76765859672F542F595339696A3273613532796E536730684E2F6A5568455171546A3662776B2F4241656E2B39383933754C6E4348684B312F317134733638622F2B78446357396248437A7A77304E68746E504A653956455A7963324866664D742B5443354B3556714B6F33626D7777584670696562347554693333486E5863754E6C6A364D4F58564471466C5435646461736F6C78492F6E42367A36306E444D784F6366654B7679742B63582B4348384E54324B4D5742397A5855522F3163464D4E374859574F385066666830393961336E5471416F667A6E4B6848594B4734532B5768446E48556459492F58774652657376364D6F66794A46323053775469476644645A377530354C3135774E58327277634D4B4F6263496635774C3133764E4E55474D75462F466D4B553662786A675631772F39696A32344D6935794F666173557135374672376F50447A56504F357A33392B4966376E6E3333323049536631314573506F6465512B6D6345674B78634C6F4C78715A5864354435707074765766615872785961677648456F584E49794562416D4A425346332B4E384A4E487A564E444A5065646439327A79443239384A56767164516D466B552F39736E4678352F38685866734D375965685A383448487174527A327556357866744C4E6539474565593866466A7A586B78306F70597A2F6D68443175637553436E534F2B2B69516E32636D4457424A472F4A537A357054326A2B4D4F315850434838636E4E72676F6A7336566E39703054706C795858317A5A5A7966664F444871312B7A64794F4D6253682B784548354B4D3551795458473246706A524531724A78767475705A597537684F5137483732726942304E73454D435A65744F6E4767373567474F6573654A457A77686B626833436748726B7376696847716453656B37345255633649766F512F6A6B4F2B476F7353724F4938684B6E797853664F55583337624E475865635A7A2F4B657365317A5469455738455977354D4166746A58337A49515A7A56522F6D6834306373584F5163787872562B745A3465634A6E39663848376A757575356437336C50787A38393063656E2F466858652B30547678614D556863544A6354583630633242596A4C4F583655764C4B436342424A66747930734B6863314E464F4878476664747269485363327657364B646937436D462B7353777A59774B4F645848546A4D495667496A64394547444E6C6468543475424C626C486B3076354438526B5876426C586D304861662B6738436A3862464847652B4D593346713970716250354D675A332B4978444C4E5A6D7A322F766C544D624D75664365476938324D6136507662343178647A562B3577684A7535694338323555457535496D746C416559456F6378345270394F624272764A6A505544336C54642F3478415948785937347756666D7535664C77657469614E79306A5267707A6D436F32477961386255734E775461584E4F32654F326B342F536478796475356759765A574D747945485845712B6E7853654E3378637A5A34764377736345784971322B4861427655567243336359542F6E49726F396D6C464F4A34376D38556A747277627A42456B7A55546E353333583376496D2F4778493650386F4550757037674B4832356A6D686E446E716170693848574E4D4837754C444F65735A50303768597A2F476F6479332F33436C373552316A327571755647797A706F762B56436E424F65682B655330516E3341544C6F5178397646656C623465634C6E4E622F452F4C4848487573656566545278586B552B316958623633776336477A7746706B4667527973504478304773366B514D2F4C6759327058515249544F6B6C70317A586D74787669634571352B525157357930633048766E7358345975582B536E5079332F757863764E6B6731634779506A45462F6A54696B684B76316A48385A6A4873795A6A5365324464573165517A35304A614C7A795A4C472B4E4F6E5538712F48714473766545392B4C4639796F594F323636657472534A733947456A45757A5550743849613563374672453854475742466665424F35525231624B512F57687A694D4279347868757A4B70565247336F4131633037484A77623436664E73787050677346467A726E4669586259787054434C766E6F464C4C474C473775773757754C4D6362553963544E6A5932344C357577694848494136785932336964527039636659392F65323859364D39626A576754542B6A50334F4C614970547935516B796A6B486247493748506B5031654F30534E393530734F614D78364559694C567946596269757459747673474A2F6556487248544F696F6D646654486C562B7972584D615534457A4D3142636231377A736354794E3154636634696C586C5842486663424D4D5865397A41722F3468452F2B653962332F72576D6F562F2F77732B57686757632F384F632B2B6D514973654363486D326663356164796769526E5075656752416F31467963554675646C5569533969786F73772B704D6662646869446E7733494F59582B355471496D7271423348334E762B446E31756E667646636D35536546474E6257682B4B48353869306E3635383154343479595663597659306966364554763635735A4B376572446E4B676A7A717739654552385539464654466A375568376945584868456630345A452F7A47547150764A466678453432634D484F6563717465423772366A756D464762526C357367786F317270485A773546727061355050324A4A726D7279357364464862376F684A4164754176706936517535665731444E72352F772F63396D4C4D4567626E49426B2B3439736C4A613875314A323779354D694E442B32363861424E3759776438617A424B505952467552483773535034794836584B506B53676B5038596C635438396A2F2B69334E2B3771517736596347307742764E6D7A44516D35324D50345A3336707A64366A4357666D4365326541376566566F526652526E313874653465664A2F767A35383930767665786C42773775412F696D66337A4B6A2F58324A2F355634596363656A57564C685A3368524A6D4E6759575076564A4E324B64303438365A465966586568366B754C7058562F30697865682F436E6A78523033634F4B536538327253473232784E656D6F6A45524757332B7370564B3573484649367A7731394E444C6A3643466D3857324A435A54326D73324237464B3234792B455463497262367A6F486936476B6148396E476C44472B7670334F526B33667542486B6546504B517A7A616D2B4D654C7549503863666B4B4A2F4947396E59364E4D3134317733716E457A704538386A396546346F3070493262347777317369444A38707335364B425A63424C2B2B4E766C4D4B6347554D5452487859337A42754E34546348522B485134646A7A576C37456970356B4C59386B6D4156524D2F4B4F7763384F41304744485A797A4846613955787573434C4D43482F5054674538636A427A36574953623742373755493966543839672F2B676E33754E5A70726F672F5937496538654F6731472F6F6E4A2B6B596A3578484E595447323371472F6B63383651396E724E7566566F526652527A313874653465664A5072376D6C36447A757039762B6B65786A33583531622F715878562B5242694351515964576A515747687362464265444E6E6873756876564271302B4F6F636745674B313053392B5845424D786D616A695265682F436C706C79696C4737694948515530396B3372456A6C6936754A57444D32646931567461662F634F6637366D43444734514C507861635048336E496E3031654E30533563564A376A664472725950475A52506A7768664736526935383767757A49555965724B4C47774674347048475A4C314B655968483946632F384A49396C3165665065554E5071784E756D6163593665644D574F73654B37357044643130622B76446D6161437956357863394571636632794D57304C57376D665750313259684844706F6A50737946745A4F4E456B374550474B4F66584837624B77764D5242377465746D537A6247596A303146726D516F3237775A47646469454562682B4A4644756232442F6E326C576B66396974796B4738634C2B353972427435347865356E7037482F716B66333150512F436A31735562384F49457877596844334A6D793776545432344D34466A62614E4D2F49357A5450654A37546975696A6D4C74654C6F552F2F7372654E3737705459737639455568702F362F72377979652F73373374483977522F2B59596350746C695866383276374755447A516B4C467A5A6B304B464677782B622B68464450746F4D6542576F445A392B6E4F734F4E6470706F79387846482F507476667A326E736B58663364416F776A6B704A4837433969702B50452B4C472B6E2F2F2B4F4971686563583473572B705467364B4565633546442F69446D366C4D644A32636F317245334F50754F336C7342392F48346539745756547743654E50335165342B504875667A42497335485042492B577138306A78677A386B7239614939326A566371553937495031307A3555553759386F765064643868483330473671542F2F356339712B7232436532782F5655446D705032324B4D58483050372F3131776D39764C6E323231663067467A646E4A3965597036364661474D394E5365746B2F786B313772514C2F614E66456B356E73737032744D2B6A4250584E49354858666E674933377639646E484C3537482F74464F44756B63465339794A4A3172696D6563793142646561744D66666334734D66484E4D2F30504F5A4850474B6C506D6E3858547866437638752F5A476539494C617859552F4B6E506D715656504C30636C5A2B63352F6E4E65593257737A49484E633241702F507A63724A3759573074696554453376356A4842665034326F3958694872614F43377A387A7838625A674435734268636D41702F43517878314E2F33352F6B5063774A6575796A643448706C64396575662B61306D7435394E6253612B59314D7765326A774D4868502F4A6330383369542B695477777639505974744E66456132494F6D41506D67446B414277344976306A4271337045504837684C2F6636487839382F58726668424A2F584A6F4C356F4135594135734C7764366864384C7472304C3572587832706744356F413559413630634D4443502B4533546255413762362B554D3042633841634D41653267514D576667752F76354E6844706744356F413573454D637350447630474A767735326D632F41546A7A6C67447067446838734243372B4633336636356F413559413659417A76454151762F4469323237374950397937622B42742F633841633241594F5A49582F77596365377136353570727578496B546777632B2B4737445A4A7A443569347138324E7A574238477237322B7833743944344E54486E4E374F4A555666675439316C747635532F78447637444231387636765973366962577776773433757674395433653637754A50634A6A62432B4873734C506B2F3759662F674F4C544A2F7970452F5A526C392B4F4D72552F3645592B7762362F78653933676536304E7430612B767A702F696A582F337538396E794D5A3839616542682F7861322F6754737671546D5447572F735276744D315A6E3573663866667A4B382F63334E52654B73466C374A3945376F734668726B2F6252762F50436D357A38486C7668774F797A626E2B724947635833547657426F6A6E31377835432F32375A58624C773232374D324676374D5A2F784858666A58665A484E4B5178786330644164534F7A3763497641614E453248532B62757948347266795672486E584E39343830562B576C2B4E4E56524762677A357462544E68566C4C4471313957323979573864332F2B30523954467259654733384766666D41775261453568694A74374650745948386F6C31396136475A61652B4B50514D3159387A2B573062767463496A626E2B73593554313354794930595A383736584A6A4E6D645055574B31636E7A71652F592B57304B6672745258437A775962587758474A34526F3739745961592F3975596731536470554A32614D52522B314554653263523433412B7130613377754D766E4838655248473355324C5932526C725170686E4B4A2F654E34394D32317859315563795265744E4D2F6C334F304B3438303137377A4F5955686275377849364230446A6B4D79492F63686164776A35736864646E786C79386C3432694F45512F47473372564C7A37515038614F65524A5073574F4F784E573869525037702B66456A2F6B715868794865504563662B4A45573234756968664C4F646333786C57657370476E636954664F4E65496B667A546B76347072764942552B45573179474F6563323733375030776636474E373735774A716E61364859354B79386857764B48666E53726A7A6F6F37564F5936666E696B2F666D48386368376E486338574F665A5766386E4635744556376A7658626D50434C2B4C4745744F6B6B7550424663676A6235785037454338536D334E6934454F646B67754B4F71583679712B764452387548413747313857455063324A58496E52357866376156784B374F6D38307637614150456661684E653654786B4C2B5563735973356C75707A43674E347342346345624D346879454D306A626C7A746F51677A6E4765544A4735494C4737504F4C2F5253584D755973766D496E6C39684848457258427A39786B6A626C5149783448757530615436706E54594F3854614E6F2F6178355A7A7279356A4369336E48484D43416E4C45784A3248436563516F396F6C312F4350656E494E52394B45754C6C43505933492B684A6E574C3432486E5469796B304F633235683949563344654536734F432F6C6B646F31667078666A4B4E326C7862377949474E4354396B6A414F6E46346F324269346D62615336385073755A4D574B46782B3265424772726539696B5639666D2B4B51523979517363633869632B68474A544B4B336678356577704873545278547A55426A62346B556645575061686E50476E4831676F3737486C6E4D4941707370644F5A46486E4D4D51426E31743941635844746F314C38585832716E4548765041582B75717672474D76684637786C4A4D6C636F76356B45737864445969682F5079554678564E4A502F5A6D662B6C474B31374C686D2F716F626169636333336A4F4743672F4C457A4A3758333453324D384B4575444853747866373478506D6E32476B664765704444504353623878566561626A6342357A697A6C7137645533726D327330783750366163344B72486877336C367A6361636C552F4E756974506C386637526D4572684A2B4C52686461334F78465067674D32534739624371787130374A425A4675436E306269767A363268524846334D6346317338313968636C4A6F444E6E7A775662764B6E4433644950426E337667507454456D47444357356B336669474D755A2B5545467353492F6457574B2B6355686A512F6E6363354447485131306265344563734473306A687A2F7430592F7A4844666B53797A35615A504E35554B73644C5057504E4F6334766C51446F7974395764637A686B6A48536631776139307A4C6D2B365669614E2F5A342F5135686C4D6251656579506A626B5468304E72677030364F46447636784D787777383856577173574B5934787A6C46503857524C613574724E4D657A334D3855687A476A3964736E4A393861745A64665632577235476A6A4E485743442B6B4230674948793959675A753745434C356963473559756B43542B33456C463966472B32367348587878447A49526563713859393534354D4B69587978737A48706E4A4C7A364D2B344F68397177302F6A4D69664F69526674354E4B58637A702B795366367A796B4D7A464E7270765649357A43455164716D504C555A706D7654687A3939384D64582F66484C59524A7A7870397A4D4D2F6C517076346944392B3469446E7355344F784D4D75504951507476536754663745376373352B7154392B38376E5846397930686A676F4679785255784B47436C474C4F6D762B4247726949507378452F4835447A364B6A593567715036794B36534E5970637762635064337830666449586E33542B3545646258486479696E34614E355978622B4A794874757054313333744C2F5056362B333434424A56766A6E2F41556545466A6B466D695271424365433567447579345536724C4C707634713155642B6B667A59354B644E52583778676B3762794A57634F4F685054506F704E764E526E4467474F636F654C324C6C45457635555370757843484770562B756A64794644586E54443979696E6635394F5774657969586D563672507A512F6C51436D7570485049595A44696F7730545849684275376845624F476B4D59556666724A524D6837392B7242494F5330733431694B705278692F73534E4D6672614E4B35694B78362B365277305272536676664F75412F4F526A2B494F6C584F75623777756D454D634E7A33767734453578543678546E2B744C585664532F68777A67484F6B517659596F79496D635969442F456F2B71704F4F34664F4B6648586D48474D4F5038304C7566714930346F5A70775850717866796758357969354F4B61623679632F6C38525479716575614658372F796B34545A49684D356B63375037524A442B4638574731485A583052746E5667684344486D346935787544475975694759713578484B66392B6A7A4F474761462F7A6850326E507A5262454E484E686D34643847664D626B734337685831646343372F336E6A47385872655068622F6E4D394E31672B373476766A686749572F6E51647A4337526576612F6A615A3831742F433372376E337A33594D4C6677572F7257384B76584632583578476B4E6A61413659412B766767495866776D2F684E77664D41585041484E6768446C6A34643269783133486E364A682B496A45487A41467A34476878774D4A7634666564766A6C67447067443573414F636543534D326676376E775941335041484441487A41467A5944633463456E6E66374D6A384D515454387765307748334544433236324F437354573236304E67665A484E322B6E595776696E5931627359534957496170324D4C62563042553747747369524E554F78725961756D4A4859317545614D5842777238435362764252477A484D426642324F6151616263623233594D6378474D6251365A647275786E593668685838365A7355654A6D49526F6D6F485931734E5862476A73533143564F3167624B75684B335930746B5749566877732F4375517442744D7848594D6378474D6251365A6472757862636377463848593570427074787662365268612B4B646A5675786849685968716E5977747458514654736132794A453151374774687136596B646A5734526F7863484376774A4A75384645624D63774638485935704270747876626467787A4559787444706C32753747646A75457845663437756974652B7448756163332F795939324C3733347437677650586E485265765433656D5837763139376B73764F396D6458566A376241705358783458496A3739735639632F7133774B32362F6949657872536647736D666B3353393270353830746B746F5A71796350666D4337715566753767726D4C657A494276336845753135787262576244747572417672426E6249792F385379494B714B37727A7037555A677151462B75336E3178754176525A6241683974686D57384867492F39506436592F70706D6E2F787372597A6B435147494A4E382B4C4E7162474E774454576E2F786F6438564C4C31376E33684D6177647A762F76544854753766714634306D3766372B4C545575464664506D43744764736A4C2F78372B4F774C5539664665746431463856396E357A30325050357A50494759642B32664775416962346E542B363950654447596E6C6E652F466D596E6B656E697936726A736577722B48374E372F776C546C78545A6A4730477171793976506F31744859423976626A6850396D644E625A393444545A4475366A68444A766D7742646472366A752B4C6B7965364B41322B713134657468562B7657564D43737943336E2B7A304F6D76785A6B4676465335754B4E6A534F7A53364854666833372F5935795869546D4D4C74376A496C7839464764766C487468595756365861784C2B586559745436554C336C366D6878337A747047756539305844354878493267654C7465487259572F49507A4C7A7769586D306A5864637658732F704D5267753274346248522F6A76574E794237742F637A45764533636232346E6178764C6B3074724E746F4C715A576C367A786E595762413845756668574A583167756F6A352F734D436E666277482F574756642F4A574B376472757933427A6D36642F4E36304E6238396A70676577794650337975487A376241386855615070734237676479526672532B4758393845464F68374372777462633651307468474E656572696A72476441382F34524C722F5A5071582B392F31385A347742387837597237346B7252354F772B67455566565665364E6F4A757050743371737833494B2B72583753653759796A38462B38514C33355773685437766D394D39746F4358416C597931675868522B7774626E73507855666B316639693164502B362F314C7231733648734E45505369727A344F4D62614253476C313730334B486E6375346F704C77487A4A745634632B2F414F592B777962774D4D656B4A616D497874524B6179486E6833576667696D72477478445070316F646A6E323247506547594348384334434766486F386E2F6B4D474D544F38736330414D34505A324D344159696145736330414D34505A324534483063492F48624E6944784F7843464731673747746871375930646757496170324D4C625630425537477473695243734F46763456534E6F4E4A6D493768726B49786A6148544C7664324C5A6A6D49746762485049744E754E3758514D4C667A544D5376324D42474C45465537474E747136496F646A5730526F6D6F485931734E5862476A73533143744F4A6734562B42704E316749725A6A6D49746762485049744E754E6254754775516A474E6F644D7539335954736651776A38647332495045374549556257447361324772746A5232425968716E5977747458514654736132794A454B7734572F6856493267306D596A754775516A474E6F644D75393359746D4F59693242736338693032343374644177742F4E4D784B2F597745597351565473593232726F6968324E625247696167646A5777316473614F784C554B30346D44685834476B33574169746D4F596932427363386930323431744F346135434D5932683079373364684F783944435078327A596738547351685274594F7872596175324E485946694771646A4332316441564F787262496B51724468622B46556A6144535A694F346135434D593268307937336469325935694C5947787A794C54626A65313044433338307A4572396A4152697842564F786A626175694B4859317445614A7142324E62445632786F37457451725469594F46666761546459434B325935694C5947787A794C54626A57303768726B49786A6148544C766432453748304D492F48624E6944784F7843464731673747746871375930646757496170324D4C625630425537477473695243734F6C377A73397264336E336E793465373270372B33306D68444851496D5968317559336F5A327A456F31666B59327A726378765179746D4E5171764D7874744E78752B5353302F2B322B2B4244663237686E343564746F654A6D49576D756348594E6B4F5944574273733941304E786A625A67697A415978744670707367352F34733944554E3569493964695665687262456B4C31376361324872745354324E625171692B3364684F7838366638552F48724E6A4452437843564F3167624B75684B335930746B57497168324D6254563078593662775061762F2F717675306375504E5878306669622F2B4C44335A6D6E763933393159576A2B2F473468623949712B6B4F6D794469394B794F5277396A753735314E4C6247646E304972432F794A6E67723466386E4E2F3579393439762F4F5875746E5050572F6A58743652484D2F496D694867306B576E50327469325935694C5947787A794C54626A57303768726B496D3842577775386E2F747771324E3574676F693743724F7858642F4B4731746A757A34453168665A764A324F72562F3154386573324D4E454C454A553757427371364572646A533252596971485978744E5854466A736132434E474B6734562F425A4A3267346E596A6D45756772484E49644E754E376274474F5969474E73634D753132597A73645177762F644D794B50557A45496B5456447361324772706952324E62684B6A6177646857513166736147794C454B30345750685849476B336D496A74474F5969474E73634D7531325939754F59533643736330683032343374744D787450425078367A5977305173516C5474594779726F5374324E4C5A46694B6F646A473031644D574F7872594930597144685838466B6E61446964694F59533643736330683032343374753059356949593278777937585A6A4F783144432F39307A496F39544D5169524E554F78725961756D4A4859317545714E724232465A44562B786F62497351725468592B46636761546559694F3059356949593278777937585A6A323435684C6F4B787A534854626A6532307A473038452F48724E6A4452437843564F3167624B75684B335930746B57497168324D625456307859374774676A52696F4F4666775753646F4F4A324935684C6F4B787A534854626A653237526A6D49686A6248444C74646D4D3748554D4C2F33544D696A314D78434A453151374774687136596B646A5734536F32734859566B4E5837476873697843744F466A34567942704E35694937526A6D49686A6248444C74646D50626A6D45756772484E49644E754E3762544D62547754386573324D4E454C454A553757427371364572646A533252596971485978744E5854466A736132434E474B6734562F425A4A3267346E596A6D45756772484E49644E754E376274474F5969474E73634D753132597A73645177762F644D794B50557A45496B5456447361324772706952324E62684B6A6177646857513166736147794C454B30345750685849476B336D496A74474F5969474E73634D7531325939754F59533643736330683032343374744D787450425078367A5977305173516C5474594779726F5374324E4C5A46694B6F646A473031644D574F7872594930597144685838466B6E61446964694F59533643736330683032343374753059356949593278777937585A6A4F783144432F39307A496F39544D5169524E554F78725961756D4A4859317545714E724232465A44562B786F62497351725468592B46636761546559694F3059356949593278777937585A6A323435684C6F4B787A534854626A6532307A473038452F48724E6A4452437843564F3167624B75684B335930746B57497168324D625456307859374774676A52696F4F4666775753646F4F4A324935684C6F4B787A534854626A653237526A6D49686A6248444C74646D4D3748554D4C2F33544D696A314D78434A453151374774687136596B646A5734536F32734859566B4E5837476873697843744F466A34567942704E35694937526A6D49686A6248444C74646D50626A6D45756D416F447A7741414241314A524546556772484E49644E754E3762544D62547754386573324D4E454C454A553757427371364572646A533252596971485978744E5854466A736132434E474B6734562F425A4A3267346E596A6D45756772484E49644E754E376274474F5969474E73634D753132597A73645177762F644D794B50557A45496B5456447361324772706952324E62684B6A6177646857513166736147794C454B30345750685849476B336D496A74474F5969474E73634D7531325939754F59533643736330683032343374744D787450425078367A5977305173516C5474594779726F5374324E4C5A46694B6F646A473031644D574F7872594930597144685838466B6E61446964694F59533643736330683032343374753059356949593278777937585A6A4F783144432F39307A496F39544D5169524E554F78725961756D4A4859317545714E724232465A44562B786F62497351725468592B46636761546559694F3059356949593278777937585A6A323435684C6F4B787A534854626A6532307A473038452F48724E6A4452437843564F3167624B75684B335930746B57497168324D625456307859374774676A52696F4F4666775753646F4F4A324935684C6F4B787A534854626A653237526A6D49686A6248444C74646D4D3748554D4C2F33544D696A314D78434A453151374774687136596B646A5734536F32734859566B4E5837476873697843744F466A34567942704E35694937526A6D49686A6248444C74646D50626A6D45756772484E49644E754E3762544D62547754386573324D4E454C454A553757427371364572646A533252596971485978744E5854466A736132434E474B6734562F425A4A3267346E596A6D45756772484E49644E754E376274474F5969474E73634D753132597A73645177762F644D794B50557A45496B5456447361324772706952324E62684B6A6177646857513166736147794C454B30345750685849476B336D496A74474F5969474E73634D7531325939754F59533643736330683032343374744D787450425078367A5977305173516C5474594779726F5374324E4C5A46694B6F646A473031644D574F7872594930597144685838466B6E61446964694F59533643736330683032343374753059356949593278777937585A6A4F783144432F39307A496F39544D5169524E554F78725961756D4A4859317545714E724232465A44562B786F62497351725468592B46636761546559694F3059356949593278777937585A6A323435684C6F4B787A534854626A6532307A473038452F48724E6A4452437843564F3167624B75684B335930746B57497168324D625456307859374774676A5269734D6C5A38376533666B77427561414F57414F6D41506D77473577774D4C7647782F662B4A6B44356F41355941377345416375756644743733512B6A4D476D4F6343547861624872426E76714F544A33493553726A56725564766E4B4F4779715677334E5537746D726E66656A584A777538626E304D52344B4F7938527956504E6B6F6A314B756D397A596A7849756D387031552B4E7363703039317669624251752F68642F43503843426F375242487156634E376C4A487956634E7058727073625A354470374C41762F6F59695A695465656545646C347A6B7165634B396F3554724A712B566F34544C706E4C6431446962584765504E58372F3952502F774E4F656954536553464F784F696F627A31484A452F7950557135542B644C6966355277325653756D78716E5A6433636433333772345866776E386F6230654F79735A7A56504A6B6B7A784B75573579557A394B754777713130324E73386C31396C6A6A627851732F425A2B432F384142343753426E6D556374336B4A6E3255634E6C55727073615A355072374C4847432F2F2F42793375626678615878376B4141414141456C46546B5375516D4343223E3C2F703E','2021-09-08 11:14:38',1,4,11,1,8,'2021-09-10','08:00:00',NULL,NULL,'2021-09-14','14:00:00',NULL,NULL,31.40,NULL,0.00,'N',NULL,NULL,NULL,'N',NULL,NULL,'N',NULL,NULL,'2021-09-08 11:14:38','2021-09-13 10:46:46','',NULL,NULL);

#
# Structure for table "ticket_usuarios"
#

DROP TABLE IF EXISTS `ticket_usuarios`;
CREATE TABLE `ticket_usuarios` (
  `tku_id` int(11) NOT NULL AUTO_INCREMENT,
  `tku_tkt_id` int(11) NOT NULL,
  `tku_user_id` int(10) unsigned NOT NULL,
  `tku_tipo` char(1) COLLATE utf8mb4_unicode_ci DEFAULT NULL COMMENT 'S-Solicitante;O-Observador;R-Responsável',
  `tku_notif_email` char(1) COLLATE utf8mb4_unicode_ci DEFAULT NULL COMMENT 'S/N',
  `tku_notif_sistema` char(1) COLLATE utf8mb4_unicode_ci DEFAULT NULL COMMENT 'S/N',
  `tku_incdate` datetime DEFAULT NULL,
  `tku_upddate` datetime DEFAULT NULL,
  `tku_delete` char(1) COLLATE utf8mb4_unicode_ci DEFAULT NULL,
  `tku_deldate` datetime DEFAULT NULL,
  `tku_deluser` varchar(40) COLLATE utf8mb4_unicode_ci DEFAULT NULL,
  PRIMARY KEY (`tku_id`),
  KEY `tku_tkt_id` (`tku_tkt_id`),
  KEY `tku_user_id` (`tku_user_id`),
  KEY `tku_tipo` (`tku_tipo`),
  CONSTRAINT `tk_ticket_user_ticket` FOREIGN KEY (`tku_tkt_id`) REFERENCES `ticket` (`tkt_id`),
  CONSTRAINT `tk_ticket_user_usuario` FOREIGN KEY (`tku_user_id`) REFERENCES `usuario` (`user_id`)
) ENGINE=InnoDB AUTO_INCREMENT=1449 DEFAULT CHARSET=utf8mb4 COLLATE=utf8mb4_unicode_ci ROW_FORMAT=DYNAMIC;

#
# Data for table "ticket_usuarios"
#

INSERT INTO `ticket_usuarios` VALUES (1446,436,4,'S','S','S','2021-09-13 10:46:46','2021-09-13 10:46:46','',NULL,NULL),(1447,436,1,'O','S','S','2021-09-13 10:46:46','2021-09-13 10:46:46','',NULL,NULL),(1448,436,2,'R','S','S','2021-09-13 10:46:46','2021-09-13 10:46:46','',NULL,NULL);

#
# Structure for table "ticket_historico"
#

DROP TABLE IF EXISTS `ticket_historico`;
CREATE TABLE `ticket_historico` (
  `tkh_id` int(11) NOT NULL AUTO_INCREMENT,
  `tkh_tkt_id` int(11) NOT NULL,
  `tkh_user_id` int(10) unsigned NOT NULL,
  `tkh_data_hora` datetime DEFAULT NULL,
  `tkh_descricao` varchar(220) COLLATE utf8mb4_unicode_ci DEFAULT NULL,
  `tkh_incdate` datetime DEFAULT NULL,
  `tkh_upddate` datetime DEFAULT NULL,
  `tkh_delete` char(1) COLLATE utf8mb4_unicode_ci DEFAULT NULL,
  `tkh_deldate` datetime DEFAULT NULL,
  `tkh_deluser` varchar(40) COLLATE utf8mb4_unicode_ci DEFAULT NULL,
  PRIMARY KEY (`tkh_id`),
  KEY `tkh_tkt_id` (`tkh_tkt_id`),
  KEY `tkh_user_id` (`tkh_user_id`),
  KEY `tkh_data_hora` (`tkh_data_hora`),
  CONSTRAINT `tk_ticket_historico_ticket` FOREIGN KEY (`tkh_tkt_id`) REFERENCES `ticket` (`tkt_id`),
  CONSTRAINT `tk_ticket_historico_usuario` FOREIGN KEY (`tkh_user_id`) REFERENCES `usuario` (`user_id`)
) ENGINE=InnoDB AUTO_INCREMENT=4104 DEFAULT CHARSET=utf8mb4 COLLATE=utf8mb4_unicode_ci ROW_FORMAT=DYNAMIC;

#
# Data for table "ticket_historico"
#

INSERT INTO `ticket_historico` VALUES (4085,436,1,'2021-09-08 11:14:38','Administrador Adicionou esse ticket.','2021-09-08 11:14:38','2021-09-08 11:14:38','',NULL,NULL),(4086,436,1,'2021-09-08 11:21:16','Administrador Anexou o arquivo 1_2021-09-08-11-09_pexels-photomix-company-96612.jpg a esse ticket.','2021-09-08 11:21:16','2021-09-08 11:21:16','',NULL,NULL),(4087,436,1,'2021-09-13 10:46:46','Administrador Alterou esse ticket.','2021-09-13 10:46:46','2021-09-13 10:46:46','',NULL,NULL),(4088,436,1,'2021-09-13 10:47:04','Administrador Mudou esse ticket de PENDENTE para EM ANDAMENTO.','2021-09-13 10:47:04','2021-09-13 10:47:04','',NULL,NULL),(4089,436,1,'2021-09-13 10:47:11','Administrador Mudou esse ticket de EM ANDAMENTO para EM ANDAMENTO.','2021-09-13 10:47:11','2021-09-13 10:47:11','',NULL,NULL),(4090,436,1,'2021-09-13 10:47:31','Administrador Mudou esse ticket de EM ANDAMENTO para PENDENTE.','2021-09-13 10:47:31','2021-09-13 10:47:31','',NULL,NULL),(4091,436,1,'2021-09-13 10:47:44','Administrador Mudou esse ticket de PENDENTE para EM ANDAMENTO.','2021-09-13 10:47:44','2021-09-13 10:47:44','',NULL,NULL),(4092,436,1,'2021-09-13 10:48:10','Administrador Mudou esse ticket de EM ANDAMENTO para PENDENTE.','2021-09-13 10:48:10','2021-09-13 10:48:10','',NULL,NULL),(4093,436,1,'2021-09-13 10:51:40','Administrador Mudou esse ticket de PENDENTE para PENDENTE.','2021-09-13 10:51:40','2021-09-13 10:51:40','',NULL,NULL),(4094,436,1,'2021-09-13 10:52:43','Administrador Mudou esse ticket de PENDENTE para EM ANDAMENTO.','2021-09-13 10:52:43','2021-09-13 10:52:43','',NULL,NULL),(4095,436,1,'2021-09-13 10:52:59','Administrador Mudou esse ticket de EM ANDAMENTO para PENDENTE.','2021-09-13 10:52:59','2021-09-13 10:52:59','',NULL,NULL),(4096,436,1,'2021-09-13 10:55:39','Administrador Mudou esse ticket de PENDENTE para EM ANDAMENTO.','2021-09-13 10:55:39','2021-09-13 10:55:39','',NULL,NULL),(4097,436,1,'2021-09-13 10:55:44','Administrador Mudou esse ticket de EM ANDAMENTO para EM TESTES.','2021-09-13 10:55:44','2021-09-13 10:55:44','',NULL,NULL),(4098,436,1,'2021-09-13 10:55:46','Administrador Mudou esse ticket de EM TESTES para EM APROVAÇÃO.','2021-09-13 10:55:46','2021-09-13 10:55:46','',NULL,NULL),(4099,436,1,'2021-09-13 10:55:51','Administrador Aprovavou a solução desse ticket em 13/09/2021 10:55:51.','2021-09-13 10:55:51','2021-09-13 10:55:51','',NULL,NULL),(4100,436,1,'2021-09-13 10:55:55','Administrador Encerrou esse ticket em 13/09/2021 10:55:55.','2021-09-13 10:55:55','2021-09-13 10:55:55','',NULL,NULL),(4101,436,1,'2021-09-13 10:56:13','Administrador Reabriu esse Ticket que foi encerrado pelo Administrador em 13/09/2021 10:55:55.','2021-09-13 10:56:13','2021-09-13 10:56:13','',NULL,NULL),(4102,436,1,'2021-09-13 10:56:25','Administrador Adicionou um comentário a esse ticket.','2021-09-13 10:56:25','2021-09-13 10:56:25','',NULL,NULL),(4103,436,1,'2021-09-13 10:56:42','Administrador Anexou o arquivo 1_2021-09-13-10-09_boleto (5).pdf a esse ticket.','2021-09-13 10:56:42','2021-09-13 10:56:42','',NULL,NULL);

#
# Structure for table "ticket_comentarios"
#

DROP TABLE IF EXISTS `ticket_comentarios`;
CREATE TABLE `ticket_comentarios` (
  `tkc_id` int(11) NOT NULL AUTO_INCREMENT,
  `tkc_tkt_id` int(11) NOT NULL,
  `tkc_user_id` int(10) unsigned NOT NULL,
  `tkc_data_hora` datetime DEFAULT NULL,
  `tkc_descricao` mediumblob DEFAULT NULL,
  `tkc_tipo` char(1) COLLATE utf8mb4_unicode_ci DEFAULT NULL COMMENT 'S-Solicitante;O-Observador;R-Responsável;A-Aprovação;E-Encerramento',
  `tkc_incdate` datetime DEFAULT NULL,
  `tkc_upddate` datetime DEFAULT NULL,
  `tkc_delete` char(1) COLLATE utf8mb4_unicode_ci DEFAULT NULL,
  `tkc_deldate` datetime DEFAULT NULL,
  `tkc_deluser` varchar(40) COLLATE utf8mb4_unicode_ci DEFAULT NULL,
  PRIMARY KEY (`tkc_id`),
  KEY `tkc_tkt_id` (`tkc_tkt_id`),
  KEY `tkc_user_id` (`tkc_user_id`),
  KEY `tkc_data_hora` (`tkc_data_hora`),
  CONSTRAINT `tk_ticket_comentario_ticket` FOREIGN KEY (`tkc_tkt_id`) REFERENCES `ticket` (`tkt_id`),
  CONSTRAINT `tk_ticket_comentario_usuario` FOREIGN KEY (`tkc_user_id`) REFERENCES `usuario` (`user_id`)
) ENGINE=InnoDB AUTO_INCREMENT=213 DEFAULT CHARSET=utf8mb4 COLLATE=utf8mb4_unicode_ci ROW_FORMAT=DYNAMIC;

#
# Data for table "ticket_comentarios"
#

INSERT INTO `ticket_comentarios` VALUES (212,436,1,'2021-09-13 10:56:25',X'3C703E73646173646173643C2F703E','O','2021-09-13 10:56:25','2021-09-13 10:56:25','',NULL,NULL);

#
# Structure for table "ticket_arquivos"
#

DROP TABLE IF EXISTS `ticket_arquivos`;
CREATE TABLE `ticket_arquivos` (
  `tka_id` int(11) NOT NULL AUTO_INCREMENT,
  `tka_tkt_id` int(11) NOT NULL,
  `tka_user_id` int(10) unsigned NOT NULL,
  `tka_data_hora` datetime DEFAULT NULL,
  `tka_arquivo_nome` varchar(120) CHARACTER SET utf8mb4 NOT NULL DEFAULT '',
  `tka_arquivo_local` varchar(120) COLLATE utf8mb4_unicode_ci NOT NULL DEFAULT '',
  `tka_arquivo_tipo` char(5) COLLATE utf8mb4_unicode_ci DEFAULT NULL,
  `tka_incdate` datetime DEFAULT NULL,
  `tka_upddate` datetime DEFAULT NULL,
  `tka_delete` char(1) COLLATE utf8mb4_unicode_ci DEFAULT NULL,
  `tka_deldate` datetime DEFAULT NULL,
  `tka_deluser` varchar(40) COLLATE utf8mb4_unicode_ci DEFAULT NULL,
  PRIMARY KEY (`tka_id`),
  KEY `tka_tkt_id` (`tka_tkt_id`),
  KEY `tka_user_id` (`tka_user_id`),
  KEY `tka_data_hora` (`tka_data_hora`),
  CONSTRAINT `tk_ticket_arquivo_ticket` FOREIGN KEY (`tka_tkt_id`) REFERENCES `ticket` (`tkt_id`),
  CONSTRAINT `tk_ticket_arquivo_usuario` FOREIGN KEY (`tka_user_id`) REFERENCES `usuario` (`user_id`)
) ENGINE=InnoDB AUTO_INCREMENT=33 DEFAULT CHARSET=utf8mb4 COLLATE=utf8mb4_unicode_ci ROW_FORMAT=DYNAMIC;

#
# Data for table "ticket_arquivos"
#

INSERT INTO `ticket_arquivos` VALUES (31,436,1,'2021-09-08 11:09:16','1_2021-09-08-11-09_pexels-photomix-company-96612.jpg','/ticketsys/assets/importacoes/tickets/','jpg','2021-09-08 11:21:16','2021-09-08 11:21:16','',NULL,NULL),(32,436,1,'2021-09-13 10:09:42','1_2021-09-13-10-09_boleto (5).pdf','/ticketsys/assets/importacoes/tickets/','pdf','2021-09-13 10:56:42','2021-09-13 10:56:42','',NULL,NULL);

#
# Structure for table "ticket_apontamentos"
#

DROP TABLE IF EXISTS `ticket_apontamentos`;
CREATE TABLE `ticket_apontamentos` (
  `tkp_id` int(11) NOT NULL AUTO_INCREMENT,
  `tkp_tkt_id` int(11) NOT NULL,
  `tkp_user_id` int(10) unsigned NOT NULL,
  `tkp_data` date DEFAULT NULL,
  `tkp_hora_exec_ini` time DEFAULT NULL,
  `tkp_hora_exec_fim` time DEFAULT NULL,
  `tkp_horas_total` decimal(10,2) DEFAULT NULL,
  `tkp_incdate` datetime DEFAULT NULL,
  `tkp_upddate` datetime DEFAULT NULL,
  `tkp_delete` char(1) COLLATE utf8mb4_unicode_ci DEFAULT NULL,
  `tkp_deldate` datetime DEFAULT NULL,
  `tkp_deluser` varchar(40) COLLATE utf8mb4_unicode_ci DEFAULT NULL,
  PRIMARY KEY (`tkp_id`),
  KEY `tkp_tkt_id` (`tkp_tkt_id`),
  KEY `tkp_user_id` (`tkp_user_id`),
  KEY `tkp_data_hora` (`tkp_data`),
  CONSTRAINT `tk_ticket_apontamento_ticket` FOREIGN KEY (`tkp_tkt_id`) REFERENCES `ticket` (`tkt_id`),
  CONSTRAINT `tk_ticket_apontamento_usuario` FOREIGN KEY (`tkp_user_id`) REFERENCES `usuario` (`user_id`)
) ENGINE=InnoDB AUTO_INCREMENT=1246 DEFAULT CHARSET=utf8mb4 COLLATE=utf8mb4_unicode_ci ROW_FORMAT=DYNAMIC;

#
# Data for table "ticket_apontamentos"
#


#
# Structure for table "perfil_rotina"
#

DROP TABLE IF EXISTS `perfil_rotina`;
CREATE TABLE `perfil_rotina` (
  `pta_rot_nome` varchar(20) COLLATE utf8mb4_unicode_ci NOT NULL DEFAULT '0',
  `pta_pfa_id` int(11) NOT NULL,
  `pta_nivel` int(11) NOT NULL DEFAULT 0 COMMENT '0->Visualizar; 1->Inserir; 2->Inserir/Editar; 3->Acesso total',
  `pta_user_atrib` int(11) unsigned DEFAULT NULL,
  `pta_incdate` datetime DEFAULT NULL,
  `pta_upddate` datetime DEFAULT NULL,
  `pta_delete` char(1) COLLATE utf8mb4_unicode_ci DEFAULT NULL,
  `pta_deldate` datetime DEFAULT NULL,
  `pta_deluser` varchar(40) COLLATE utf8mb4_unicode_ci DEFAULT NULL,
  PRIMARY KEY (`pta_rot_nome`,`pta_pfa_id`),
  KEY `pta_user_atrib` (`pta_user_atrib`),
  KEY `perfil_rotina_ibfk_2` (`pta_pfa_id`),
  CONSTRAINT `perfil_rotina_ibfk_1` FOREIGN KEY (`pta_user_atrib`) REFERENCES `usuario` (`user_id`),
  CONSTRAINT `perfil_rotina_ibfk_2` FOREIGN KEY (`pta_pfa_id`) REFERENCES `perfil_acesso` (`pfa_id`)
) ENGINE=InnoDB DEFAULT CHARSET=utf8mb4 COLLATE=utf8mb4_unicode_ci;

#
# Data for table "perfil_rotina"
#

INSERT INTO `perfil_rotina` VALUES ('accessprofiles',1,3,1,'2021-09-08 10:31:59','2021-09-08 10:31:59','',NULL,NULL),('categoria_ticket',1,3,1,'2021-09-08 10:31:59','2021-09-08 10:31:59','',NULL,NULL),('errorslog',1,3,1,'2021-09-08 10:31:59','2021-09-08 10:31:59','',NULL,NULL),('erroslog',1,3,1,'2021-09-08 10:31:59','2021-09-08 10:31:59','',NULL,NULL),('graphicreports',1,3,1,'2021-09-08 10:31:59','2021-09-08 10:31:59','',NULL,NULL),('grupo_trabalho',1,3,1,'2021-09-08 10:31:59','2021-09-08 10:31:59','',NULL,NULL),('indicators',1,3,1,'2021-09-08 10:31:59','2021-09-08 10:31:59','',NULL,NULL),('origem_ticket',1,3,1,'2021-09-08 10:31:59','2021-09-08 10:31:59','',NULL,NULL),('parameters',1,3,1,'2021-09-08 10:31:59','2021-09-08 10:31:59','',NULL,NULL),('pasta_trabalho',1,3,1,'2021-09-08 10:31:59','2021-09-08 10:31:59','',NULL,NULL),('prioridade_ticket',1,3,1,'2021-09-08 10:31:59','2021-09-08 10:31:59','',NULL,NULL),('registrationlog',1,3,1,'2021-09-08 10:31:59','2021-09-08 10:31:59','',NULL,NULL),('situacao_ticket',1,3,1,'2021-09-08 10:31:59','2021-09-08 10:31:59','',NULL,NULL),('ticket',1,3,1,'2021-09-08 10:31:59','2021-09-08 10:31:59','',NULL,NULL),('ticket',2,2,1,'2021-09-08 11:11:29','2021-09-08 11:11:29','',NULL,NULL),('ticket_apontamentos',1,3,1,'2021-09-08 10:31:59','2021-09-08 10:31:59','',NULL,NULL),('ticket_apontamentos',2,3,1,'2021-09-08 11:11:29','2021-09-08 11:11:29','',NULL,NULL),('ticket_arquivos',1,3,1,'2021-09-08 10:31:59','2021-09-08 10:31:59','',NULL,NULL),('ticket_arquivos',2,3,1,'2021-09-08 11:11:29','2021-09-08 11:11:29','',NULL,NULL),('ticket_comentarios',1,3,1,'2021-09-08 10:31:59','2021-09-08 10:31:59','',NULL,NULL),('ticket_comentarios',2,3,1,'2021-09-08 11:11:29','2021-09-08 11:11:29','',NULL,NULL),('ticket_historico',1,3,1,'2021-09-08 10:31:59','2021-09-08 10:31:59','',NULL,NULL),('ticket_historico',2,3,1,'2021-09-08 11:11:29','2021-09-08 11:11:29','',NULL,NULL),('ticket_rel_desemp',1,3,1,'2021-09-08 10:31:59','2021-09-08 10:31:59','',NULL,NULL),('ticket_rel_gerencial',1,3,1,'2021-09-08 10:31:59','2021-09-08 10:31:59','',NULL,NULL),('ticket_usuarios',1,3,1,'2021-09-08 10:31:59','2021-09-08 10:31:59','',NULL,NULL),('ticket_usuarios',2,3,1,'2021-09-08 11:11:29','2021-09-08 11:11:29','',NULL,NULL),('ticketkanban',1,3,1,'2021-09-08 10:31:59','2021-09-08 10:31:59','',NULL,NULL),('ticketkanban',2,3,1,'2021-09-08 11:11:29','2021-09-08 11:11:29','',NULL,NULL),('tipo_atividade',1,3,1,'2021-09-08 10:31:59','2021-09-08 10:31:59','',NULL,NULL),('triagemTicket',1,3,1,'2021-09-08 10:31:59','2021-09-08 10:31:59','',NULL,NULL),('users',1,3,1,'2021-09-08 10:31:59','2021-09-08 10:31:59','',NULL,NULL),('usersaccesslog',1,3,1,'2021-09-08 10:31:59','2021-09-08 10:31:59','',NULL,NULL);

#
# Structure for table "usuario_acesso"
#

DROP TABLE IF EXISTS `usuario_acesso`;
CREATE TABLE `usuario_acesso` (
  `usa_id` int(11) NOT NULL AUTO_INCREMENT,
  `usa_user_id` int(11) DEFAULT NULL,
  `usa_user_email` varchar(80) COLLATE utf8mb4_unicode_ci DEFAULT NULL,
  `usa_data` datetime DEFAULT NULL,
  `usa_ip` varchar(30) COLLATE utf8mb4_unicode_ci DEFAULT NULL,
  `usa_plataforma` varchar(30) COLLATE utf8mb4_unicode_ci DEFAULT NULL,
  PRIMARY KEY (`usa_id`)
) ENGINE=InnoDB AUTO_INCREMENT=37218 DEFAULT CHARSET=utf8mb4 COLLATE=utf8mb4_unicode_ci;

#
# Data for table "usuario_acesso"
#

INSERT INTO `usuario_acesso` VALUES (37212,1,'willian.barbosa@codewaresistemas.com.br','2021-09-08 15:34:00','::1','ticketsys'),(37213,1,'willian.barbosa@codewaresistemas.com.br','2021-09-08 15:34:09','::1','ticketsys'),(37214,1,'willian.barbosa@codewaresistemas.com.br','2021-09-08 15:34:34','::1','ticketsys'),(37215,1,'admin@ticketsys.com','2021-09-08 16:08:21','::1','ticketsys'),(37216,1,'admin@ticketsys.com','2021-09-08 11:08:22','::1','ticketsys'),(37217,1,'admin@ticketsys.com','2021-09-13 15:41:37','::1','ticketsys');
